Date,Close,High,Low,Open,Volume
2021-09-15,1490.6258544921875,1493.8049254065334,1472.117688719493,1474.7741973936459,4062344
2021-09-16,1482.6129150390625,1497.4194473085083,1473.2063696575788,1493.891966210481,3246568
2021-09-17,1473.0758056640625,1496.3307284738578,1467.1095590889208,1478.0403062981004,7454864
2021-09-20,1470.0706787109375,1487.3594588182361,1461.4480310703595,1467.5884287452827,5660743
2021-09-21,1496.72265625,1503.9517705576725,1467.2838494209095,1480.6532560868934,4672222
2021-09-22,1495.37255859375,1514.533951698331,1492.0193360644232,1495.4596345711595,4553892
2021-09-23,1517.713134765625,1519.8469748097546,1499.0307113119939,1508.5243325905415,3826090
2021-09-24,1536.2647705078125,1557.2987769299875,1526.335663082202,1531.169602820424,8280446
2021-09-27,1499.07421875,1540.7502282501684,1496.4177103112731,1540.5324851427279,5045337
2021-09-28,1469.4176025390625,1489.3628929542976,1458.8788571335956,1489.3628929542976,6557197
2021-09-29,1473.9033203125,1481.8727405310417,1441.4595923280765,1445.1612257222725,7792548
2021-09-30,1459.05322265625,1483.2663028944044,1454.6112837647613,1483.2663028944044,6914031
2021-10-01,1450.2998046875,1462.3191607744086,1446.9029908490702,1450.2562135367987,5733906
2021-10-04,1462.1448974609375,1470.2013920560314,1450.517437336317,1456.7013200318202,2947154
2021-10-05,1474.382568359375,1483.222855844323,1448.427540440477,1455.39532175348,4373310
2021-10-06,1457.615966796875,1488.4918972098776,1454.5239721126366,1482.4821661210055,4271698
2021-10-07,1472.814453125,1484.3112472506546,1460.3160193905471,1469.3305632299673,5476108
2021-10-08,1501.4259033203125,1508.0888641225727,1479.2596960117546,1485.2258362951297,4738376
2021-10-11,1472.77099609375,1506.7825168192749,1449.036994022464,1464.975834271688,8840633
2021-10-12,1467.71923828125,1471.0724609335527,1447.5562048973147,1460.6207915841135,7439300
2021-10-13,1488.666259765625,1492.5421514566985,1463.2774946507823,1477.125873324372,7104171
2021-10-14,1494.3709716796875,1553.4664307761761,1479.0853627504664,1527.6856676824548,19655776
2021-10-18,1560.9134521484375,1566.8795927579404,1515.4922131177411,1515.4922131177411,13438109
2021-10-19,1587.0426025390625,1597.799091923905,1552.3343687944996,1579.944155219386,10324260
2021-10-20,1569.79736328125,1609.5572816820163,1562.5683548664965,1593.3572134225717,5876115
2021-10-21,1527.380859375,1579.9440255087377,1521.4582041825172,1579.9440255087377,8779629
2021-10-22,1497.8984375,1535.6985561548709,1486.7499477946783,1524.1146865515605,7369809
2021-10-25,1487.229248046875,1506.564796489911,1469.5048712675496,1499.858350257659,5905209
2021-10-26,1497.0264892578125,1517.1485436893581,1490.1727607226414,1502.6062654350915,5871709
2021-10-27,1519.2132568359375,1523.7825158828489,1494.785703429368,1501.7712562519496,5090259
2021-10-28,1497.2025146484375,1515.5232115381268,1486.7900415035479,1510.7782558388171,5329972
2021-10-29,1465.4375,1504.8467856229756,1459.5503108556832,1492.8966047069405,5875091
2021-11-01,1493.8193359375,1500.1018935472132,1472.6867651673283,1474.0048022483252,3636806
2021-11-02,1491.93017578125,1499.4429230262488,1481.7812470277015,1489.3819492239559,3471772
2021-11-03,1495.9722900390625,1509.1086851583352,1492.8968697658545,1501.6837848321632,3530713
2021-11-04,1501.419921875,1508.713103252184,1498.1688066656807,1506.955720487767,483407
2021-11-08,1526.7264404296875,1529.8018605974596,1496.4115844902203,1520.1362543558903,5245903
2021-11-09,1531.119873046875,1537.710059014078,1516.621463919028,1524.3100142140984,4016134
2021-11-10,1529.0548095703125,1538.5446120128352,1513.0625622726295,1516.6213052274068,4780368
2021-11-11,1523.035888671875,1528.703405453859,1501.6836441561402,1522.7282608636551,4731349
2021-11-12,1564.2464599609375,1566.5750137314162,1527.2097015420263,1531.5591812690018,5069009
2021-11-15,1570.353515625,1581.6446798033896,1560.116738328288,1565.916080701805,4354074
2021-11-16,1574.8787841796875,1589.5089115274943,1561.4347616165671,1572.857750868686,6034233
2021-11-17,1570.61669921875,1583.4017003590163,1564.6855330270612,1575.0981105955,4732492
2021-11-18,1563.54345703125,1572.3742410091222,1545.618131495533,1565.476535154988,4326924
2021-11-22,1545.9697265625,1568.815703789317,1538.7205222501445,1567.5855143323686,6621839
2021-11-23,1526.19921875,1535.2936539110958,1502.5623970170118,1524.6175312167047,8436160
2021-11-24,1490.260498046875,1529.3622622939777,1483.2309673957104,1528.9229166282798,7333061
2021-11-25,1513.4583740234375,1516.7973376153845,1491.0956093218977,1493.7756615018066,4476260
2021-11-26,1486.4385986328125,1509.8996203753168,1479.7165867477097,1496.0163580873511,4494181
2021-11-29,1490.5682373046875,1504.3197801115232,1466.667872488146,1485.8672594442673,3942776
2021-11-30,1504.8909912109375,1520.048419306774,1493.8194999672771,1497.7736116444519,14808963
2021-12-01,1506.867919921875,1530.59258798338,1505.1983847910458,1506.9557676104166,5193264
2021-12-02,1536.1722412109375,1538.1492968624316,1503.748507074007,1506.9557521388576,5559574
2021-12-03,1525.012939453125,1569.914049638286,1522.3768651886874,1556.2503551294296,6754012
2021-12-06,1489.6456298828125,1523.6069679725288,1486.3065595311832,1520.1361797156055,3991449
2021-12-07,1504.01220703125,1515.654868474255,1488.5032818453103,1494.7419695434742,4202122
2021-12-08,1540.65380859375,1546.3214334516815,1522.420958921147,1522.7724569937723,3029169
2021-12-09,1549.5283203125,1554.7565985466379,1530.680432518433,1545.6181864523098,2082171
2021-12-10,1545.8377685546875,1549.7918796579963,1534.1951080838337,1546.4967870719056,1823469
2021-12-13,1533.009033203125,1556.470051607841,1527.8687097618824,1552.6917427954177,4040584
2021-12-14,1539.5992431640625,1549.1330239292365,1502.869897706602,1520.927049880741,4768144
2021-12-15,1523.8265380859375,1535.9085444800232,1512.4035502224383,1533.3164478312353,3053149
2021-12-16,1556.689697265625,1561.9618457823942,1544.7395154133753,1548.8254519662987,4481031
2021-12-17,1599.965087890625,1618.5494309854728,1587.5755615814348,1599.2182217120308,18887243
2021-12-20,1580.677978515625,1607.6977390246545,1570.4851797435072,1583.1382500746142,5773891
2021-12-21,1591.83740234375,1615.0348779738215,1582.5232944672757,1582.5232944672757,5353584
2021-12-22,1603.3482666015625,1607.2585079618086,1592.4964485064465,1603.611916944821,4156428
2021-12-23,1632.2572021484375,1635.7719679184652,1605.3692654601534,1609.103704090808,4112933
2021-12-24,1637.4412841796875,1648.2052529112148,1629.0937165919725,1645.7448742963015,3780347
2021-12-27,1639.77001953125,1647.1070714566104,1621.2296519691486,1634.3660458305121,2647733
2021-12-28,1658.9693603515625,1665.9110438520706,1650.5339443784728,1652.5548702377228,3340933
2021-12-29,1656.8165283203125,1664.065732003417,1648.7764809648074,1655.0151681366292,3236635
2021-12-30,1663.231201171875,1678.1250866050445,1646.9754082571962,1655.8941485249763,4584738
2021-12-31,1658.7498779296875,1668.0639863705464,1644.6029662423111,1660.7269338032627,4619420
2022-01-03,1668.151611328125,1681.8592826976471,1658.7496564451544,1658.7496564451544,3329616
2022-01-04,1668.7669677734375,1675.3571539606305,1650.1826212731244,1668.1518193720126,3921999
2022-01-05,1620.8780517578125,1672.0618238908942,1616.792115448411,1669.5135974739028,6995719
2022-01-06,1597.285400390625,1606.2480104983958,1581.6446492872608,1606.2480104983958,6449205
2022-01-07,1594.2098388671875,1613.2773992100788,1587.619653412898,1595.2202481604722,4834389
2022-01-10,1626.23828125,1643.065244799383,1593.0676773774146,1594.8250603640417,7857560
2022-01-11,1630.4996337890625,1643.152810574252,1625.710808876999,1629.972440435956,5142287
2022-01-12,1649.69921875,1659.8481478952956,1634.3660958630228,1642.1864712150102,5362535
2022-01-13,1666.7017822265625,1680.4971934061439,1639.9455664762318,1673.907008333963,14277630
2022-01-14,1695.30322265625,1698.5104677026313,1652.8185151312207,1653.6972065268249,7688506
2022-01-17,1704.2218017578125,1716.8749781188799,1696.3135799399108,1703.3870879152166,5262464
2022-01-18,1687.7464599609375,1709.0547258227377,1679.5745872616628,1688.9326718657662,3690315
2022-01-19,1640.560791015625,1683.5726913474412,1636.8702228464153,1683.5726913474412,5747770
2022-01-20,1602.4693603515625,1623.8216029050018,1595.2641342391942,1620.3068375307487,5533463
2022-01-21,1569.0792236328125,1588.6740851767383,1560.5559597753802,1577.2510967324367,8252758
2022-01-24,1526.111328125,1554.0976288940496,1518.378800587523,1550.890383701955,7116712
2022-01-25,1513.2384033203125,1528.923023226851,1494.214713216816,1517.1485371127924,9137653
2022-01-27,1474.9713134765625,1502.29859365424,1463.0211322868854,1495.5327130043718,11231734
2022-01-28,1481.6494140625,1517.9833897106614,1475.7622245146904,1477.0802616309584,10998502
2022-01-31,1525.5838623046875,1537.2705000369122,1507.263169309688,1509.591722814184,8788872
2022-02-01,1557.0850830078125,1564.0706364850143,1524.2658745729877,1551.8568050061044,5119935
2022-02-02,1570.309326171875,1575.3179313391013,1557.041107934789,1571.978861227617,4253717
2022-02-03,1527.6490478515625,1563.1920737397209,1523.6509588896436,1563.1920737397209,3832922
2022-02-04,1529.8895263671875,1541.180689045186,1502.694071308099,1521.8934563342548,4700077
2022-02-07,1506.9559326171875,1521.8936882174746,1489.733600553992,1513.2824685548035,4310209
2022-02-08,1508.9769287109375,1515.7428102343724,1490.2607571927513,1502.562437971465,6053401
2022-02-09,1526.550537109375,1531.5590349384013,1515.7425905156294,1524.5295040838362,3867244
2022-02-10,1554.9322509765625,1558.7106668309207,1536.611557080806,1542.6745490801131,4334630
2022-02-11,1512.5355224609375,1534.1513109136818,1505.1984702260409,1528.923139634157,7551371
2022-02-14,1478.134521484375,1510.0750373354194,1474.663733614444,1484.9883568052496,7459637
2022-02-15,1527.3853759765625,1534.8542531207022,1485.3838827787808,1492.8967373992116,4669915
2022-02-16,1523.035888671875,1542.4988179107663,1517.3682646277543,1527.3853683173847,5350642
2022-02-17,1515.567138671875,1536.83143001885,1511.6130269308317,1532.4379725288018,3937950
2022-02-18,1499.8822021484375,1513.5458959572875,1496.850759804493,1502.5622537515017,5602215
2022-02-21,1520.7510986328125,1526.550547436766,1486.3064401172699,1494.6540080635389,5120890
2022-02-22,1523.9583740234375,1538.5886069583632,1485.911101612414,1493.687498875911,8878515
2022-02-23,1531.42724609375,1544.9591147620647,1523.123655479762,1537.7099108964103,5478811
2022-02-24,1474.575927734375,1506.9117054360172,1467.8539173756792,1485.0762465850694,13592379
2022-02-25,1489.030517578125,1518.5106587861058,1473.565569428914,1506.9558447051804,9737281
2022-02-28,1507.4827880859375,1518.42255923894,1463.0210293083312,1478.134476916457,15076542
2022-03-02,1496.2357177734375,1506.4285162813565,1485.8671166330619,1502.5622527750063,6771489
2022-03-03,1512.0960693359375,1523.5630349736196,1498.6521553167977,1511.5248984753623,7344147
2022-03-04,1514.2489013671875,1525.408239012716,1477.0802130071288,1489.6015651994855,9074499
2022-03-07,1528.791259765625,1538.5886906416126,1490.260662094903,1491.139353523025,9742588
2022-03-08,1562.4888916015625,1581.6444056414032,1509.9870842476325,1509.9870842476325,10984500
2022-03-09,1593.3751220703125,1609.411241059636,1573.7363895823908,1573.7363895823908,10193515
2022-03-10,1604.402587890625,1620.9658987002945,1590.6070690763233,1620.9658987002945,6547182
2022-03-11,1600.975830078125,1609.2355512027455,1591.310224078751,1593.9462984422166,4758657
2022-03-14,1661.341796875,1665.1202128221414,1609.367286068122,1609.367286068122,10289724
2022-03-15,1616.1771240234375,1659.2768725454414,1608.0052511537049,1659.2768725454414,7140443
2022-03-16,1660.1995849609375,1664.1975665515567,1624.7004302568198,1638.7594929307566,5233979
2022-03-17,1629.620849609375,1689.9870057610751,1610.6851166133736,1689.9870057610751,17731459
2022-03-21,1628.2593994140625,1658.0030865598012,1617.7589711646565,1635.2449542449613,8362085
2022-03-22,1658.4422607421875,1660.7268370550205,1615.9135731979802,1625.57917912793,5709382
2022-03-23,1645.26171875,1669.5135787574188,1631.7298503960667,1666.8775046856965,6192824
2022-03-24,1657.8270263671875,1664.7687099000984,1630.9830683752546,1630.9830683752546,3784303
2022-03-25,1648.908447265625,1664.2415698272353,1632.6086783204876,1662.4841869657494,3438588
2022-03-28,1646.5799560546875,1652.7307963034818,1627.907762442276,1639.6382720357626,4008555
2022-03-29,1657.2119140625,1660.1994861553353,1634.849261732521,1646.5797700005269,3917785
2022-03-30,1672.984375,1686.208722896825,1665.1201302185948,1678.3005006424887,7795839
2022-03-31,1675.5328369140625,1680.9368109998677,1664.4173681750951,1669.5138216935436,5399145
2022-04-01,1672.6329345703125,1678.564101084847,1650.4459783492766,1657.9587249104113,6171518
2022-04-04,1654.5318603515625,1663.362751461479,1645.788924187718,1660.5070045294929,7364074
2022-04-05,1635.3323974609375,1660.3751001308806,1631.8616096448654,1655.2787548219912,5472024
2022-04-06,1606.9949951171875,1632.169529090994,1601.1078047273452,1629.9728002496872,5407453
2022-04-07,1591.31005859375,1606.379636923527,1588.2786162958694,1600.1409496978658,5797544
2022-04-08,1594.4732666015625,1615.034665184189,1588.6739252736745,1601.8542952289317,5131446
2022-04-11,1552.25244140625,1593.9463082740529,1548.737675566616,1593.9463082740529,8248407
2022-04-12,1531.0758056640625,1544.300154299906,1518.1590848316712,1544.300154299906,6456184
2022-04-13,1536.4359130859375,1544.3001583273306,1521.8935272961232,1542.0594523193558,6257693
2022-04-18,1424.7103271484375,1449.8408809660887,1397.1193943855035,1410.7391117521547,30523965
2022-04-19,1372.5159912109375,1438.110326839995,1361.9716942234015,1438.110326839995,17044923
2022-04-20,1395.0982666015625,1402.6550983089535,1373.3946323351558,1383.9389289365774,10678747
2022-04-21,1422.4259033203125,1429.806826423052,1396.4605254912638,1401.5130018301497,7766514
2022-04-22,1393.1212158203125,1415.3081733294175,1390.4412714487692,1409.728504477574,8134245
2022-04-25,1371.72509765625,1382.0058512029284,1365.5742579702844,1382.0058512029284,7000570
2022-04-26,1389.2109375,1398.8765417457305,1376.5138911911388,1385.8718676738993,5345435
2022-04-27,1364.4320068359375,1381.961856821622,1362.2791486149092,1381.961856821622,8819356
2022-04-28,1390.616943359375,1407.4878820528004,1368.5178339093395,1379.5454535287045,9245177
2022-04-29,1377.3927001953125,1403.5337684574995,1371.4615334467492,1397.1192785504973,9831395
2022-05-02,1354.0634765625,1364.3881007348616,1345.276562373256,1362.7625430622788,7072627
2022-05-04,1349.274658203125,1379.545534836563,1344.5297030639988,1359.5553049527848,6220959
2022-05-05,1392.8575439453125,1396.5919819925602,1368.5177304330361,1370.8024136363445,6144870
2022-05-06,1355.6888427734375,1372.3839773751754,1348.835115031049,1361.9715069838842,6171472
2022-05-09,1379.8529052734375,1394.3074419742286,1337.5000261747937,1353.1846449249074,6832202
2022-05-10,1364.607666015625,1378.7985527649935,1358.5008040403675,1369.0011227639045,6212545
2022-05-11,1341.5419921875,1361.927588201104,1328.2297970447912,1361.927588201104,7846080
2022-05-12,1325.769775390625,1342.2012635021265,1321.8156636487201,1330.3389282764122,7034979
2022-05-13,1321.9034423828125,1343.7389035215306,1316.3676433280884,1334.9959664754047,6723761
2022-05-16,1308.459228515625,1328.449456127453,1299.276947088888,1326.8238986312238,6145331
2022-05-17,1334.2489013671875,1340.0043728900273,1301.2541039526504,1313.555783441477,6516378
2022-05-18,1326.12109375,1361.7080974834491,1322.6942829038983,1337.3683872175263,6594126
2022-05-19,1254.0244140625,1304.5930382065774,1245.676846021442,1301.3419230322806,16561140
2022-05-20,1278.6279296875,1288.8207294119443,1271.20292231775,1276.7387215514266,10488908
2022-05-23,1290.2706298828125,1307.4929619615978,1274.1466621873956,1278.5839899389152,5887569
2022-05-24,1266.1943359375,1291.2810188777573,1261.1418602736273,1290.446197671662,5693167
2022-05-25,1239.35009765625,1267.512196646024,1229.508798029081,1260.9220119147622,9630092
2022-05-26,1251.21240234375,1256.5285274802447,1236.3626055559514,1245.984232144746,13040065
2022-05-27,1284.07568359375,1289.040311563104,1263.0310670153488,1268.7864314520264,8284860
2022-05-30,1341.586181640625,1344.397951444672,1304.856835225711,1306.614218168776,10904213
2022-05-31,1335.1923828125,1347.9795623962705,1321.4728713370666,1341.4971403772934,16033857
2022-06-01,1312.9481201171875,1345.0935709100895,1307.2204739379727,1343.5395760270444,8738508
2022-06-02,1339.0997314453125,1344.2944932066457,1310.3286014773466,1317.78779937987,7205840
2022-06-03,1351.26513671875,1380.835483354974,1347.9795908249841,1354.1067924628962,9395707
2022-06-06,1358.679931640625,1364.4962472875359,1325.779597532186,1346.2035297111815,6624883
2022-06-07,1337.9453125,1349.6224971381034,1334.3045457286844,1349.6224971381034,4904592
2022-06-08,1331.995849609375,1349.933350358208,1324.8918717447916,1349.933350358208,4697608
2022-06-09,1345.3155517578125,1347.0471026731207,1315.5676501182832,1318.675639841816,4361061
2022-06-10,1311.3941650390625,1326.6232286366903,1308.5525092706785,1319.6524730579197,6516436
2022-06-13,1264.9521484375,1281.9128751153066,1253.5857396868917,1281.9128751153066,6987685
2022-06-14,1279.2044677734375,1286.619223049743,1245.9933493091928,1252.0761087251524,6090247
2022-06-15,1262.90966796875,1284.3992668383937,1259.9348988081592,1278.893618751976,4651958
2022-06-16,1240.7095947265625,1282.0459060881565,1236.0920528309707,1276.9399223929138,6641772
2022-06-17,1231.918212890625,1240.4872967452125,1214.0250526569446,1235.2482014552777,9692047
2022-06-20,1255.76123046875,1263.0427639663321,1227.2120995273342,1234.3605201667415,4595194
2022-06-21,1287.5069580078125,1292.9237183901334,1263.397816167282,1264.5078124914492,6270787
2022-06-22,1276.273681640625,1296.1203928082316,1274.2756884009718,1275.2081286053715,6253366
2022-06-23,1289.771484375,1294.699912173582,1272.4999822666275,1278.5384065605574,6254281
2022-06-24,1279.69287109375,1303.1360211955607,1268.8593475306172,1294.7000469527272,6114340
2022-06-27,1309.440673828125,1317.787869343207,1301.0491434910748,1303.6243570986562,4511097
2022-06-28,1314.368896484375,1321.561651135481,1290.2597541406712,1304.4677073865423,4412178
2022-06-29,1299.3619384765625,1311.5719003108716,1293.811955824604,1300.6494910925776,5060038
2022-06-30,1298.1629638671875,1316.0116836459267,1292.0357622839565,1300.960176372367,9165177
2022-07-01,1313.702880859375,1318.6756427483724,1280.8025462113708,1291.147733707834,4651635
2022-07-04,1321.3397216796875,1325.1137094600226,1298.2517964352844,1314.4577439626057,4800224
2022-07-05,1310.6392822265625,1340.831183761111,1307.1317370251647,1330.9301027704544,7379669
2022-07-06,1324.5810546875,1331.9958096817759,1305.3558934881405,1316.189416047647,5209162
2022-07-07,1330.84130859375,1344.3832653678094,1328.1773170972135,1334.7041829822008,3323472
2022-07-08,1344.8270263671875,1347.0470188887734,1331.9510697419882,1345.3154680811654,3652582
2022-07-11,1308.1529541015625,1331.9068766093092,1302.1589736556825,1327.555669124535,4702638
2022-07-12,1277.4727783203125,1304.1126949058805,1275.164007229183,1298.0743788520106,4710356
2022-07-13,1282.66748046875,1296.4758799465965,1277.4727186568018,1287.5959081661404,5264025
2022-07-14,1268.8145751953125,1290.215282622801,1255.627840557895,1288.4837317181796,6157606
2022-07-15,1270.1468505859375,1284.0440292907308,1252.6533480412868,1284.0440292907308,5620018
2022-07-18,1323.027099609375,1326.3126460134347,1285.8644370743764,1287.5959883201187,5835171
2022-07-19,1317.921142578125,1320.3186917980886,1305.4447378345067,1306.7323988881258,3418540
2022-07-20,1345.58203125,1354.9060006770792,1331.9956324398804,1333.105628800247,5079392
2022-07-21,1361.2108154296875,1363.475143060979,1334.7484577291702,1347.0916394538826,5008061
2022-07-22,1337.590087890625,1367.5155470877928,1325.0249071257533,1362.1875644368015,7020642
2022-07-25,1335.1923828125,1347.2247865607108,1314.3244515105814,1314.3244515105814,7859626
2022-07-26,1288.616943359375,1329.020809215027,1283.1557398113582,1329.020809215027,7268273
2022-07-27,1306.288330078125,1308.0198812663878,1283.1559595586764,1288.4839427817574,4517285
2022-07-28,1347.44677734375,1353.7070916560501,1322.9824146761307,1328.7988388509684,6636841
2022-07-29,1376.1290283203125,1381.4570107879367,1356.8595350883038,1361.1219644216355,7009465
2022-08-01,1377.3280029296875,1388.8275224964943,1365.6508188965988,1388.8275224964943,2983249
2022-08-02,1370.7122802734375,1373.7314920454614,1357.1703247119033,1373.3319367159932,4374635
2022-08-03,1390.692138671875,1394.1553487975477,1367.4266596498978,1375.5074110110838,6011955
2022-08-04,1420.7066650390625,1424.214210429917,1398.5510710597634,1409.6954786756162,7402209
2022-08-05,1435.5804443359375,1443.6167525535413,1422.8377084210715,1428.254468715417,5361971
2022-08-08,1438.0224609375,1440.331231614356,1417.2433080496378,1435.8912463134488,3763409
2022-08-10,1422.970703125,1439.620646334822,1410.2279682680298,1439.620646334822,4423829
2022-08-11,1438.5108642578125,1448.6340529159374,1435.0033190587033,1447.4352785059941,3462090
2022-08-12,1415.5560302734375,1433.2271926806513,1412.0484853977919,1432.6056381248397,3562286
2022-08-16,1417.64306640625,1428.787474466892,1412.8923031334775,1428.787474466892,3004430
2022-08-17,1426.3453369140625,1431.4513202213034,1407.4753986046935,1417.6429220050966,4067324
2022-08-18,1405.655029296875,1419.1969856808453,1397.7074982537147,1415.5562190867397,4635706
2022-08-19,1418.2203369140625,1425.1467585821308,1407.564370285095,1407.7420347677698,4739884
2022-08-22,1399.1728515625,1419.9075651208868,1397.7076344592094,1408.3636011768147,3950555
2022-08-23,1369.646728515625,1380.3914715875098,1361.2995342191398,1374.619490522654,5551574
2022-08-24,1365.295654296875,1372.8436302718494,1359.5236726689532,1363.0756613630588,2888426
2022-08-25,1348.1129150390625,1375.2411633369209,1344.205705841227,1374.6196086818957,4331088
2022-08-26,1351.132080078125,1371.911126256518,1347.4912051170422,1363.2088193983936,3079136
2022-08-29,1298.02978515625,1304.068208908207,1287.5958190364718,1304.068208908207,8079050
2022-08-30,1325.7352294921875,1328.5324420418817,1301.8037509629814,1308.1085087048089,6725875
2022-09-01,1300.2054443359375,1303.6686550621423,1288.5283679870784,1296.520342709969,8140604
2022-09-02,1290.2598876953125,1312.459816939898,1285.8199018463954,1312.459816939898,5175653
2022-09-05,1297.6302490234375,1302.6917893036236,1284.3546268952266,1288.4838352280558,3669352
2022-09-06,1292.12451171875,1305.355689709022,1283.5553183345817,1297.6301585781393,3428442
2022-09-07,1294.38916015625,1301.581915907194,1276.9844364483333,1278.7159876557116,3600574
2022-09-08,1310.594970703125,1315.212512366536,1299.6725627710948,1309.7957516157421,4061475
2022-09-09,1342.3408203125,1349.755574320764,1314.2356907860071,1321.3396674929586,4816910
2022-09-12,1364.1412353515625,1372.7548731045804,1350.7769427256635,1354.9061513249576,5494819
2022-09-13,1371.9111328125,1379.0595531212691,1368.6700299824238,1378.0827779506399,4947158
2022-09-14,1310.1510009765625,1331.0632685678052,1307.1317890233854,1329.33171750544,14332197
2022-09-15,1272.3223876953125,1309.9733809599834,1268.9923983100107,1309.7958248853374,12784100
2022-09-16,1222.81640625,1265.395822315344,1215.0907667170163,1265.395822315344,20464045
2022-09-19,1234.5823974609375,1248.5239084132897,1225.9687606499624,1236.0919491545515,6595241
2022-09-20,1233.028564453125,1255.2284946157747,1229.9649090518215,1250.255623540864,7219797
2022-09-21,1222.9940185546875,1233.250428524418,1215.1352658184694,1225.3472325735095,7917054
2022-09-22,1214.735595703125,1228.9435493746757,1207.6760620818068,1213.3148220155867,9168498
2022-09-23,1212.515625,1238.5784272088517,1209.4520782930736,1214.3360624565184,10426200
2022-09-26,1225.657958984375,1242.7074594125004,1203.2360329098556,1207.6760182711466,9414587
2022-09-27,1237.46826171875,1248.9677795003172,1223.6598650205738,1237.379375300364,8561254
2022-09-28,1238.4893798828125,1248.390568171123,1222.7718762488641,1224.5478702593925,7022098
2022-09-29,1241.9971923828125,1251.9427167580907,1236.9799869799815,1247.547174377518,6119965
2022-09-30,1255.1395263671875,1260.3343964051253,1221.884076510353,1233.3835962258331,8120130
2022-10-03,1237.6461181640625,1253.8520673346413,1230.764139749159,1253.8520673346413,4943169
2022-10-04,1269.302978515625,1271.8337483758048,1255.6278025508032,1260.6893422711628,6631341
2022-10-06,1292.169189453125,1296.2983982475762,1282.3567767134796,1283.155995899196,6180672
2022-10-07,1288.661376953125,1294.5665794796807,1278.8490738177404,1284.3546126015165,3994466
2022-10-10,1298.8291015625,1300.915873263201,1266.5947604561948,1266.5947604561948,5274677
2022-10-11,1264.3304443359375,1313.925065790571,1261.0447896892608,1298.829113538426,12824774
2022-10-12,1268.681396484375,1279.6925820570834,1255.2283273173289,1276.0518156752744,5481467
2022-10-13,1260.8671875,1276.8954711779975,1256.515979742123,1270.7239342833766,4821514
2022-10-14,1309.129638671875,1326.6675802447219,1302.913659380233,1318.6756068697537,14990688
2022-10-17,1323.0712890625,1327.55571795731,1310.2397738100408,1311.4829914797187,4286396
2022-10-18,1335.28125,1341.7192292357881,1329.5537118322238,1340.875675315851,4692004
2022-10-19,1319.075439453125,1336.391385405423,1315.390337674064,1335.547831397756,3553171
2022-10-20,1332.794921875,1335.5476913144482,1309.085333326775,1309.7957743941563,4583939
2022-10-21,1332.439697265625,1337.3236814941895,1324.314501823941,1332.2621411983666,3594485
2022-10-24,1347.8463134765625,1351.3539668962553,1341.7635553058506,1348.4235332441654,982837
2022-10-25,1355.3499755859375,1361.2107345868535,1350.6879909536958,1356.9483052781436,3914341
2022-10-27,1368.052490234375,1377.8823898027329,1357.7738493894442,1374.201834673,6760137
2022-10-28,1358.4471435546875,1371.6433151587364,1352.8365077395763,1369.892840617514,3053981
2022-10-31,1380.35107421875,1388.2059642832278,1373.70805956196,1373.70805956196,4542336
2022-11-01,1412.0848388671875,1413.8802423495363,1388.8343418542265,1394.1757329638529,4542692
2022-11-02,1394.4000244140625,1411.8602777690894,1386.9490568451713,1411.1870015279026,2938906
2022-11-03,1374.15673828125,1385.9615363587588,1365.987675554083,1381.3383511548413,3174027
2022-11-04,1359.1204833984375,1364.9106159972587,1347.5850375397733,1364.9106159972587,4509682
2022-11-07,1353.240234375,1371.598297862103,1338.5628351175721,1365.763237456549,4898592
2022-11-09,1356.6068115234375,1372.5859461620792,1347.5400459604302,1372.5859461620792,3334755
2022-11-10,1348.302978515625,1357.32492412614,1333.086979052459,1333.086979052459,3435763
2022-11-11,1409.4815673828125,1412.5337754044604,1388.4305041086727,1388.4305041086727,7214098
2022-11-14,1423.1265869140625,1428.602545514008,1408.000225198226,1414.0148924987643,4908813
2022-11-15,1430.9365234375,1434.392653098893,1411.8603621306952,1416.4386189277827,3497614
2022-11-16,1438.8363037109375,1444.4020103215976,1430.4876342122222,1433.7642672771042,4497697
2022-11-17,1425.0115966796875,1438.8362237690626,1421.0167586560885,1433.8090069491304,3469515
2022-11-18,1430.3978271484375,1434.5272328106976,1414.3289457404594,1428.8716685979427,3126064
2022-11-21,1407.7757568359375,1425.4156170914362,1404.0503824610678,1420.2538323357628,3071764
2022-11-22,1422.902099609375,1425.5502757469735,1402.2100319375143,1408.4939437323687,3399329
2022-11-23,1421.1962890625,1429.140926189157,1417.7401598698539,1426.3580731866127,3245067
2022-11-24,1463.07421875,1468.639925244856,1422.6327148727294,1426.4479469523692,5282215
2022-11-25,1468.3258056640625,1475.8215929330347,1448.7110454604212,1464.510573443889,4563255
2022-11-28,1457.3289794921875,1484.3497790755966,1454.276771758371,1461.4583854460668,3825766
2022-11-29,1462.40087890625,1471.1085408527335,1449.8330561316118,1455.3538334700106,3131710
2022-11-30,1467.6973876953125,1477.3926101335646,1448.12755589009,1454.2318618548122,11868134
2022-12-01,1487.5814208984375,1501.49579683449,1483.272518616262,1486.7734674759286,5407928
2022-12-02,1470.345458984375,1491.8005489428745,1466.7994719474775,1486.5938358778496,4283343
2022-12-05,1472.00634765625,1476.5846043633042,1457.2391986740056,1470.4353696971718,3824966
2022-12-06,1447.903076171875,1459.6629463817758,1443.100394052047,1458.765244692734,4822398
2022-12-07,1441.2601318359375,1457.6881173772813,1433.3603127551614,1443.5043861676659,4898087
2022-12-08,1454.4112548828125,1457.7776358497745,1434.975993517009,1441.259904655338,4206837
2022-12-09,1408.7633056640625,1461.4583510232733,1401.4020860579217,1461.4583510232733,8880658
2022-12-12,1388.924072265625,1405.7559796963715,1373.5285752684867,1391.4376809417088,8037679
2022-12-13,1411.3216552734375,1416.1243371309986,1383.4929044328283,1388.9239336053154,6135067
2022-12-14,1417.8299560546875,1425.999018854275,1412.0846437883376,1420.163958342753,4976020
2022-12-15,1382.909423828125,1409.3916231159728,1378.1964900565588,1408.7632757795202,6443866
2022-12-16,1366.4814453125,1390.9887448634156,1357.369860981026,1368.9950538345975,9630453
2022-12-19,1353.150634765625,1361.7237298285659,1342.1089696118938,1353.689233868756,6222740
2022-12-20,1353.1058349609375,1360.9157960258838,1330.797859741164,1347.4502703396117,7396259
2022-12-21,1355.1256103515625,1365.4042507201466,1348.662092527513,1360.0180406581342,6236361
2022-12-22,1366.3468017578125,1373.4385569270282,1357.1004311899765,1365.8530220311222,6302640
2022-12-23,1343.9490966796875,1355.4397214479377,1340.268541890437,1354.3624137356346,6283822
2022-12-26,1348.70703125,1355.4397938764648,1343.2758922315616,1347.0013761347504,4115459
2022-12-27,1359.8834228515625,1365.8082322618604,1344.3083199922382,1355.484662525693,4860076
2022-12-28,1355.6641845703125,1368.9501033965662,1345.2059383085596,1351.1307473515324,5029860
2022-12-29,1362.3072509765625,1365.673632332556,1347.4502440923538,1350.1433491771486,4624745
2022-12-30,1353.9136962890625,1373.8427403112848,1350.1883218006867,1371.688234257162,5060544
2023-01-02,1368.0972900390625,1370.341544123772,1350.1881862761663,1359.1202737002234,3801140
2023-01-03,1366.7958984375,1375.8626645617423,1360.1079543805422,1364.3720378650721,4551130
2023-01-04,1341.8846435546875,1365.4043859891246,1338.563081271082,1365.4043859891246,7059590
2023-01-05,1324.2894287109375,1351.8489350836053,1318.948147732721,1351.8489350836053,9868404
2023-01-06,1300.3206787109375,1324.109769484731,1298.5252756336702,1319.6212617915623,6443714
2023-01-09,1332.5931396484375,1336.9918995481128,1300.051455589557,1300.051455589557,11498717
2023-01-10,1319.39697265625,1332.0994726561996,1305.3031008773605,1330.3938176401173,7158624
2023-01-11,1320.74365234375,1341.1663664241717,1314.2353148895497,1319.621525196474,6173092
2023-01-12,1329.1370849609375,1333.0869942679058,1306.1559438786553,1330.348960311909,6591385
2023-01-13,1349.8292236328125,1363.9680258321482,1317.8261351507858,1331.7405119183861,11610426
2023-01-16,1369.44384765625,1371.6881017494266,1348.6172135046606,1355.5294722785563,6073063
2023-01-17,1382.0118408203125,1384.4355917064236,1368.0974637285847,1370.790568972145,5922644
2023-01-18,1387.3082275390625,1393.0983596644714,1382.1015138518171,1386.7246995181722,5843098
2023-01-19,1381.4730224609375,1391.0335664749514,1370.0273269921345,1382.3707240663339,6165284
2023-01-20,1369.48876953125,1386.9490224533192,1368.097288167546,1380.665111024728,6496429
2023-01-23,1389.6422119140625,1394.4000746897525,1371.777926420586,1377.9720899793838,4855020
2023-01-24,1393.1431884765625,1408.3143680159328,1391.213108045872,1400.4145497993616,5200802
2023-01-25,1385.153564453125,1396.8236852165019,1381.3383326650978,1388.7443708418564,4158617
2023-01-27,1363.7432861328125,1392.2901287214559,1353.195293271975,1387.8465500301852,6209955
2023-01-30,1381.38330078125,1386.0513053859913,1364.5064664421677,1372.4062845546568,6964719
2023-01-31,1376.8499755859375,1390.450178190422,1358.2226654027863,1390.450178190422,9448126
2023-02-01,1392.425048828125,1395.9710362007636,1371.7330909295972,1384.4354819888624,6194199
2023-02-02,1421.7349853515625,1424.607586792744,1393.2329580209157,1393.2329580209157,6916834
2023-02-03,1435.7840576171875,1440.4969913344742,1412.084711865144,1434.0784025458154,7040194
2023-02-06,1409.2569580078125,1434.5272821728975,1401.8509191605494,1434.5272821728975,4570612
2023-02-07,1402.569091796875,1414.822741340062,1396.0158258630909,1408.4939008206854,4336238
2023-02-08,1427.7945556640625,1439.0158269283195,1405.3520131355485,1405.3520131355485,7983338
2023-02-09,1451.58349609375,1454.0521755088755,1423.7996752366064,1432.9112588662606,6904911
2023-02-10,1443.998046875,1450.955234729636,1433.1357691390035,1447.9478465069383,4786762
2023-02-13,1407.1024169921875,1433.6295447624907,1405.8007934239577,1433.6295447624907,4001199
2023-02-14,1430.2630615234375,1432.7317409015575,1416.7077894001222,1422.5876690783793,5043736
2023-02-15,1433.6744384765625,1435.424912829853,1414.7777752469344,1421.9593883192538,3465747
2023-02-16,1437.9384765625,1449.2943142141119,1434.3924894685822,1436.3225698383455,4290289
2023-02-17,1421.780029296875,1431.8342447371726,1414.3290611808247,1430.9365430163343,2857734
2023-02-20,1429.544921875,1439.0157179378093,1420.6128344582553,1422.8121596263827,2417716
2023-02-21,1417.919677734375,1437.8037900984118,1414.777722133191,1435.155504627785,2723288
2023-02-22,1402.0306396484375,1413.880258937871,1396.1955782623447,1403.107837917392,3656244
2023-02-23,1392.0657958984375,1409.2568030673553,1389.7767226196806,1409.2568030673553,4766854
2023-02-24,1392.021240234375,1408.4940454265454,1386.949203431493,1400.4147296784008,2790986
2023-02-27,1354.901123046875,1382.4605194389667,1348.3478572709923,1382.4605194389667,4920268
2023-02-28,1335.3760986328125,1368.0972790929927,1329.7654634659286,1360.556563512157,9679811
2023-03-01,1343.0067138671875,1347.3156164114991,1329.94510989306,1339.7300806437838,5125043
2023-03-02,1321.551513671875,1336.3186620674148,1317.197682560526,1333.0869580251103,4644499
2023-03-03,1327.97021484375,1337.39608302168,1322.3146501038996,1334.6580489083317,4615015
2023-03-06,1353.240234375,1364.8655358556944,1340.40316723241,1341.6599713901492,6561742
2023-03-08,1339.999267578125,1342.961726985448,1329.585949900398,1338.0692966126087,4137080
2023-03-09,1328.9573974609375,1345.0710964615623,1323.7506846342324,1342.0638181835122,5104656
2023-03-10,1321.012939453125,1323.481619051477,1308.5348642940003,1310.6444413069564,3699580
2023-03-13,1288.2916259765625,1327.0724033065608,1281.9179661287412,1314.4147222773474,8798403
2023-03-14,1274.7364501953125,1300.1862721963982,1266.6571346659055,1293.5881864305952,7402784
2023-03-15,1274.4222412109375,1295.2488768323813,1271.9086326160925,1290.8950455008883,7556182
2023-03-16,1260.462890625,1272.7614692311392,1255.615279699322,1272.7614692311392,7323117
2023-03-17,1275.36474609375,1295.2937893448818,1267.016186133299,1283.7134156369266,9090018
2023-03-20,1260.0589599609375,1274.4670058884406,1243.1821248798633,1274.4670058884406,8221829
2023-03-21,1248.43359375,1261.2707706940655,1247.80524645178,1255.8845609971513,8536755
2023-03-22,1247.132080078125,1263.2907105920037,1240.7584199586402,1259.475478387338,8356487
2023-03-23,1233.9359130859375,1242.3742213827816,1229.851326526063,1242.3742213827816,7607718
2023-03-24,1239.4119873046875,1255.839864166571,1236.5842047746808,1246.010073486212,7559127
2023-03-27,1246.862548828125,1252.9669633225694,1233.531702462138,1244.4387984280222,4170193
2023-03-28,1236.6737060546875,1254.9868406676687,1235.102728249846,1249.6903792948028,6633366
2023-03-29,1242.015380859375,1247.7157654262332,1224.9590464995765,1237.9307937980113,8813966
2023-03-31,1281.873046875,1283.6684502024389,1251.3063709749888,1260.37313586201,8711975
2023-04-03,1266.5224609375,1288.201979583624,1261.405604921375,1288.201979583624,5242764
2023-04-05,1277.9232177734375,1281.469095430332,1256.7823002469104,1256.7823002469104,7506334
2023-04-06,1276.44189453125,1282.2769547830226,1266.0733974815537,1271.1454333092524,6948465
2023-04-10,1281.5589599609375,1287.3042729141996,1270.2479401489488,1278.2823267500144,4993788
2023-04-11,1262.30322265625,1286.7206641982061,1246.907617130072,1282.7259356078043,6942255
2023-04-12,1282.187255859375,1285.0598571838073,1256.7822564144815,1268.4973062805743,5831169
2023-04-13,1247.087158203125,1266.7020280205386,1241.5214514944475,1265.534971977077,11267238
2023-04-17,1129.5780029296875,1132.136430654267,1064.0457840517952,1122.3963899019734,53171705
2023-04-18,1130.5206298828125,1140.0362461201344,1124.909994178881,1140.0362461201344,12430884
2023-04-19,1106.1478271484375,1126.0319387762609,1103.634328510182,1126.0319387762609,11307230
2023-04-20,1098.2484130859375,1111.220160369727,1096.4530094711436,1104.801570530291,8621249
2023-04-21,1101.794189453125,1107.0906515432816,1095.1961036957662,1102.4674657463806,8691352
2023-04-24,1100.8515625,1104.1730147274745,1093.4005950715969,1102.3776114514949,8313774
2023-04-25,1099.5948486328125,1109.1104648607622,1090.707579769993,1100.5373696805075,6808576
2023-04-26,1101.973876953125,1106.8663078791062,1095.6899644185316,1102.3777989258251,5680192
2023-04-27,1118.7606201171875,1120.152101431663,1100.0435636550399,1104.1729691026203,8020704
2023-04-28,1124.5958251953125,1130.2064609226888,1117.5937079744554,1127.2440014255426,10118277
2023-05-02,1146.7689208984375,1148.833678512012,1126.2116409241175,1126.2116409241175,8886401
2023-05-03,1139.318115234375,1142.3253939620522,1132.9892745231455,1136.4903330105763,5549783
2023-05-04,1143.2679443359375,1145.2877729850925,1133.3482975814445,1139.1384292092687,4505401
2023-05-05,1130.296142578125,1148.1604275980321,1125.9423114267645,1148.1604275980321,5373791
2023-05-08,1136.13134765625,1140.350611760026,1126.7952272539592,1133.3035651406553,5260842
2023-05-09,1140.7093505859375,1141.8764064696595,1131.732334811805,1136.49019700518,4969897
2023-05-10,1134.021728515625,1145.8265283700148,1130.3411732804484,1145.8265283700148,6515734
2023-05-11,1127.6031494140625,1145.377687946898,1124.8652248185404,1140.3056511286572,6888461
2023-05-12,1117.818115234375,1127.5133374467855,1112.2973374345554,1125.1344060204995,8292212
2023-05-15,1129.622802734375,1139.0935985840445,1118.222036083044,1122.0372679380657,5534710
2023-05-16,1134.96435546875,1143.6270896069495,1133.5728739365072,1135.5927028546282,5236469
2023-05-17,1119.34423828125,1131.9568810406574,1115.3494000856915,1131.6427073715677,10465667
2023-05-18,1118.536376953125,1130.7900277183155,1115.3494919176374,1129.8473970507112,6948732
2023-05-19,1139.0936279296875,1143.043537044953,1124.6406535054546,1127.5581838226922,11094136
2023-05-22,1160.548828125,1163.0623271928262,1140.3056104941186,1142.7293613064382,7625947
2023-05-23,1167.05712890625,1179.714700851119,1164.3640238293533,1166.293994801615,7436031
2023-05-24,1165.80029296875,1171.500676643536,1159.202207626038,1163.6907159656682,4824077
2023-05-25,1170.9171142578125,1173.2960455245018,1157.361841386736,1162.0747750049484,4334121
2023-05-26,1182.6768798828125,1188.0630892587246,1172.398240823531,1172.398240823531,5521606
2023-05-29,1179.9390869140625,1196.3669615854992,1175.8545005172648,1196.3669615854992,4419365
2023-05-30,1188.42236328125,1190.7115464294097,1175.2261922392356,1180.477725221967,6274719
2023-05-31,1183.440185546875,1194.9307014660071,1179.7147016049091,1184.8315574211917,17800782
2023-06-01,1184.517333984375,1193.4943505359809,1183.2605297506059,1187.2553678657034,4277841
2023-06-02,1181.7880859375,1194.4338775054596,1179.104315999841,1190.8857617337856,10909311
2023-06-05,1186.791748046875,1191.2950529177192,1180.2414662246276,1186.3368642798964,5002553
2023-06-06,1163.5927734375,1172.3265202842344,1158.134167776339,1172.3265202842344,10008100
2023-06-07,1172.644775390625,1177.2391456905614,1166.7768194344242,1174.0549594386935,5397578
2023-06-08,1167.0498046875,1175.4196213460507,1165.5031332892086,1170.1429253728747,5034942
2023-06-09,1151.72021484375,1166.7769126021076,1149.9462124982956,1166.7769126021076,5339073
2023-06-12,1175.3741455078125,1178.785773831074,1158.1340948031748,1158.5889785796096,4785588
2023-06-13,1187.1102294921875,1188.611368241848,1180.0141088524708,1182.6069242988215,4846587
2023-06-14,1183.061767578125,1188.7932366228665,1176.5113744554915,1188.474840185205,3457981
2023-06-15,1170.689208984375,1177.1939596849543,1166.9136505337913,1177.1939596849543,6161155
2023-06-16,1175.1011962890625,1184.0623838210365,1165.457683142132,1170.8707552652124,8536287
2023-06-19,1177.2392578125,1182.2429795419966,1170.9164175038359,1177.2392578125,4451787
2023-06-20,1185.791015625,1187.24662145551,1174.6008306327171,1177.239178669295,4009180
2023-06-21,1182.1064453125,1186.154977548267,1178.1489786763307,1182.6522836320391,4041529
2023-06-22,1165.91259765625,1173.0542504034897,1158.588924773524,1173.0542504034897,6676607
2023-06-23,1150.856201171875,1163.9113461440024,1149.355062176611,1161.272997463786,7239467
2023-06-26,1155.72314453125,1159.0438181837924,1148.3540498449702,1155.6321899905513,3403244
2023-06-27,1163.7293701171875,1166.3221858386987,1159.2259533902843,1164.502650447375,3240024
2023-06-28,1176.6478271484375,1179.6955262002027,1165.7761494538163,1173.6001280966725,5662358
2023-06-30,1214.9945068359375,1218.0877385740087,1186.7461812925758,1190.1578094473005,12821692
2023-07-03,1213.3568115234375,1224.546995653356,1208.580532379916,1209.9907163588139,7732412
2023-07-04,1223.7740478515625,1224.5473281879554,1211.2647419358238,1223.0007675151696,5797775
2023-07-05,1225.7298583984375,1235.4187939129251,1219.9982784398992,1235.3278393695025,5414936
2023-07-06,1222.6365966796875,1225.8662047537898,1216.495665897886,1221.4084327344483,5963897
2023-07-07,1210.1728515625,1224.365315371182,1205.7605007879629,1213.6300129632032,6295647
2023-07-10,1209.2176513671875,1220.817188493727,1200.2564625432983,1215.9499539497926,3940315
2023-07-11,1226.9124755859375,1229.0049853388443,1207.2615190395204,1213.129475218487,6126128
2023-07-12,1212.9931640625,1229.9148189122855,1207.26158386156,1229.0960058756348,8102770
2023-07-13,1241.9237060546875,1252.5680534152623,1210.7641663190607,1214.4487694545699,9977644
2023-07-14,1297.282958984375,1300.9675618860852,1256.0705566992494,1256.0705566992494,12833381
2023-07-17,1294.5538330078125,1327.3054684043354,1286.684431680645,1297.2831359575227,11569884
2023-07-18,1342.0889892578125,1344.5908499157708,1300.057774626354,1304.6066121862784,16743977
2023-07-19,1341.8616943359375,1363.559740717556,1328.8975058703597,1351.9146708665796,13687062
2023-07-20,1318.7081298828125,1338.2681331891117,1310.7021306189188,1338.2681331891117,8347221
2023-07-21,1211.446533203125,1228.1862795203028,1187.2467368696261,1201.0751601871634,45548305
2023-07-24,1215.995361328125,1228.0953149237007,1213.8574296627578,1219.998361010124,8859789
2023-07-25,1214.1759033203125,1221.681486555465,1204.7598302000642,1216.3593679271178,6801982
2023-07-26,1227.139892578125,1228.186147433356,1218.5426339683336,1221.817774817035,5528885
2023-07-27,1231.052001953125,1240.7410487249037,1225.5024420215238,1236.0101907567564,9191861
2023-07-28,1219.5433349609375,1240.7863838959101,1215.4493812068724,1231.6887088868766,6122735
2023-07-31,1233.371826171875,1235.0094521881804,1212.9475890459607,1227.0489861059361,7902180
2023-08-01,1242.0147705078125,1245.4719320533654,1234.5547200850378,1239.1035584051742,6064652
2023-08-02,1234.418212890625,1248.1556821855895,1226.776142424458,1245.7448867591504,7419145
2023-08-03,1241.1959228515625,1243.2428998554956,1227.2764348025732,1228.186202359877,6503741
2023-08-04,1253.9781494140625,1260.8469392172133,1239.1034713632262,1245.380890015176,5712345
2023-08-07,1267.3062744140625,1269.1258096249944,1252.7499927266074,1262.6664818373094,3729093
2023-08-08,1264.759033203125,1267.8068438934386,1259.4824470885333,1267.169939859444,4161877
2023-08-09,1268.5799560546875,1270.0355619948482,1257.7536994683937,1259.1183508602219,4090828
2023-08-10,1263.758056640625,1269.8535657391153,1260.5738702782457,1266.0324754708959,3873025
2023-08-11,1248.0645751953125,1270.8087636526227,1243.6977576448737,1266.396413303026,5783517
2023-08-14,1267.806640625,1269.1257591782453,1242.378570429603,1248.0646177377491,4304135
2023-08-16,1290.50537109375,1291.824489722674,1278.5874374632606,1283.5002048304689,7735313
2023-08-17,1284.182373046875,1291.8698640834398,1279.133118944589,1291.8698640834398,5618346
2023-08-18,1263.485107421875,1281.5893912399047,1261.0742014139887,1277.0405538875152,5134103
2023-08-21,1278.5872802734375,1280.042886077757,1261.9840232223223,1264.3493965362918,3032722
2023-08-22,1277.086181640625,1279.1786914005518,1270.626854331071,1277.9504163795991,2890714
2023-08-23,1280.9072265625,1288.7767383819312,1278.8148277508842,1288.2309000421885,2559125
2023-08-24,1295.1451416015625,1296.4643712635414,1286.8207457961107,1293.2346518402169,5171963
2023-08-25,1291.9609375,1294.14440193583,1284.0460038576823,1285.5016097963642,4307172
2023-08-28,1287.912353515625,1296.2367481573856,1284.0458417309012,1291.9607743738602,3133464
2023-08-29,1289.732177734375,1295.8731095932837,1287.5942458909171,1295.5091803090381,3074444
2023-08-30,1305.653076171875,1307.0177276584382,1295.5091445772975,1298.2384475504239,3070887
2023-08-31,1305.92578125,1314.523151204695,1299.739428562197,1305.6529176191962,9792735
2023-09-01,1313.5679931640625,1315.524015813637,1299.3301072963106,1301.8319683222358,3582133
2023-09-04,1332.900390625,1337.358273748617,1305.2434354057439,1312.7945503532342,4609014
2023-09-05,1345.455322265625,1346.5015772139598,1325.0765058688094,1332.8095304482017,5496840
2023-09-06,1344.135986328125,1349.0942859762029,1331.2628646848657,1348.1845184505673,5075786
2023-09-07,1333.9012451171875,1340.4516386395803,1330.1257983242597,1337.9042448716023,4411743
2023-09-08,1336.9945068359375,1341.6798324116455,1328.4426687748935,1331.4449464210497,3125838
2023-09-11,1343.226318359375,1344.6820353527714,1332.3546400444875,1336.994432557999,4182226
2023-09-12,1365.6519775390625,1368.290325510809,1343.817557451124,1348.730324182031,6793161
2023-09-13,1363.1502685546875,1369.2002453382354,1354.3255672096375,1369.2002453382354,4804686
2023-09-14,1370.974365234375,1376.0691531027826,1363.8782439415936,1369.2003626750861,6444213
2023-09-15,1375.20458984375,1381.391053531654,1372.8392164532954,1381.0271243049056,8657816
2023-09-18,1357.1912841796875,1369.1092169496771,1353.7341230453653,1369.1092169496771,3991916
2023-09-20,1355.78125,1360.193600922578,1342.9989700048607,1342.9989700048607,4169337
2023-09-21,1366.24365234375,1368.791046342537,1342.8171339166804,1352.4152276362358,6779195
2023-09-22,1361.148681640625,1370.9741041105199,1351.186660777571,1357.2821697249913,5455613
2023-09-25,1341.1339111328125,1355.417217832278,1338.7685376167728,1355.417217832278,4217863
2023-09-26,1328.8521728515625,1346.3652005445954,1327.3510339810348,1345.6828747903214,3996528
2023-09-27,1334.6290283203125,1336.994401796738,1319.2085123948889,1324.6215850268404,3863586
2023-09-28,1309.5650634765625,1339.7238847615324,1305.5166416581312,1335.4480210194674,5814602
2023-09-29,1305.92578125,1316.251731755555,1288.2308468786073,1302.8780821778992,6068968
2023-10-03,1304.606689453125,1307.3359921507258,1292.142918222993,1306.4717573853966,4181867
2023-10-04,1314.022705078125,1319.1173810169118,1290.2322620419864,1296.41872564626,4510406
2023-10-05,1331.3994140625,1342.4986459516133,1319.3449927806503,1320.9826189619423,7384621
2023-10-06,1345.2734375,1350.5501345192267,1331.2631039318392,1336.9036191822188,3598672
2023-10-09,1342.3165283203125,1356.4634585781648,1330.2621079137662,1332.7185470073355,3567552
2023-10-10,1360.2388916015625,1361.9219392552532,1336.5394039477924,1350.004007288522,5688951
2023-10-11,1359.556640625,1381.254574348816,1347.7750842911132,1361.9220140294271,7220129
2023-10-12,1333.264404296875,1368.654385789573,1320.982541821264,1357.2822909047482,11081662
2023-10-13,1302.013916015625,1308.2458018313064,1273.6746332154582,1278.2234711912276,17973439
2023-10-16,1304.7431640625,1313.340423053773,1300.9676064898863,1302.8780961484347,4850745
2023-10-17,1312.294189453125,1322.2106781963569,1308.2913009819003,1310.2927452175127,3923764
2023-10-18,1310.5657958984375,1322.8021260257406,1308.5642404911625,1311.8849145317179,4264837
2023-10-19,1304.2884521484375,1309.7470582096269,1297.419661765858,1297.419661765858,6795691
2023-10-20,1298.4658203125,1308.700705916645,1296.6462850939854,1300.9676812379575,3928622
2023-10-23,1281.5439453125,1303.105389533645,1278.4507137601356,1296.9644592238205,2636516
2023-10-25,1262.5601806640625,1292.5103316871437,1254.4966784655405,1289.2388086550927,6940777
2023-10-26,1252.7918701171875,1266.2003688015045,1246.9400932403355,1248.7371699932087,6357656
2023-10-27,1272.052001953125,1276.3371998881837,1256.6622771033196,1256.6622771033196,4634358
2023-10-30,1269.01123046875,1272.0522558250557,1256.155634097897,1272.0522558250557,2667696
2023-10-31,1261.039794921875,1272.7894712580314,1256.0634389161826,1271.6835518717269,3451595
2023-11-01,1247.90771484375,1269.379603358429,1245.6038569027073,1265.3249033766447,3090672
2023-11-02,1262.65234375,1268.319856505661,1254.819227134566,1262.5140897817043,3758060
2023-11-03,1280.069580078125,1282.7880874213406,1269.6560973022642,1271.7756915818663,3349045
2023-11-06,1293.20166015625,1296.8417109189295,1281.6823697767961,1284.5391312922866,2736381
2023-11-07,1294.123291015625,1295.5977377854203,1285.4146394032264,1290.1606098595396,2272209
2023-11-08,1281.8665771484375,1294.7681818070128,1277.6735106371746,1294.7681818070128,3550635
2023-11-09,1266.9376220703125,1287.8566074771882,1262.5602919196745,1286.3821608724284,5498051
2023-11-10,1261.454345703125,1265.4170263311844,1254.2202543175401,1262.46802069147,2943649
2023-11-13,1265.7857666015625,1273.9874114709824,1263.2975323492624,1271.5914215374528,3462092
2023-11-15,1299.8367919921875,1303.0621934611509,1283.7097846473714,1289.2390443084512,8551860
2023-11-16,1331.537841796875,1339.3709592887674,1299.9288638617754,1304.9973516506468,6673907
2023-11-17,1324.764404296875,1337.1591147047359,1322.4605464148888,1327.9898053316556,4901251
2023-11-20,1323.8890380859375,1338.0808269307881,1321.170530438921,1328.8653942384274,3584210
2023-11-21,1326.1007080078125,1336.2376835381015,1324.0272357402534,1328.8653376978914,3793135
2023-11-22,1343.4256591796875,1344.4853438157159,1323.5202369954038,1323.5202369954038,3108786
2023-11-23,1335.5465087890625,1352.733312304696,1334.1180718038254,1352.733312304696,3186928
2023-11-24,1324.6263427734375,1338.679877895318,1321.3548191084903,1332.1369430585005,2973195
2023-11-28,1329.5103759765625,1331.6299704076575,1315.088314388403,1330.7084271755414,3755373
2023-11-29,1345.0845947265625,1346.0982698704156,1336.0535377713234,1337.2514765802114,3875778
2023-11-30,1340.983642578125,1346.0521303013406,1335.8230230312827,1339.2326879569457,10120867
2023-12-01,1338.357421875,1345.3611286776788,1332.6899079023092,1345.3611286776788,3489187
2023-12-04,1349.461669921875,1356.4193656021828,1335.592513208383,1345.867629189617,5511948
2023-12-05,1339.8778076171875,1351.8118605948976,1328.8654104130064,1350.7981854850148,5123039
2023-12-06,1358.63134765625,1361.1194695973477,1337.2054656873006,1342.4582175598755,5269178
2023-12-07,1350.8902587890625,1357.2949393135057,1347.1119540015106,1357.2949393135057,4424453
2023-12-08,1374.1593017578125,1377.4307129471217,1351.2128512985264,1355.0372784572535,6323433
2023-12-11,1371.7171630859375,1380.4718241872586,1365.7271318060862,1373.0994779966725,3862018
2023-12-12,1360.2437744140625,1373.0992560083268,1352.5027896668134,1361.5799669478545,6103494
2023-12-13,1335.316162109375,1360.2439518858023,1320.7097241735976,1360.19782972632,8549258
2023-12-14,1383.6510009765625,1392.4517835867966,1346.697140932601,1348.5863495012065,12489858
2023-12-15,1454.563720703125,1463.9174061115036,1401.6671217492806,1403.556330191334,18395389
2023-12-18,1441.6160888671875,1468.0183241638513,1437.88390638634,1444.9336219034078,6467243
2023-12-19,1436.0408935546875,1450.4629554436433,1422.1716226248461,1446.915036424613,4221721
2023-12-20,1415.8590087890625,1459.2636714338232,1409.9611097529205,1442.2612442252062,6592367
2023-12-21,1415.4903564453125,1425.3048140325604,1401.897594233354,1401.897594233354,5319038
2023-12-22,1440.2799072265625,1443.1366686825568,1403.5103106025122,1414.522706978693,6741060
2023-12-26,1422.816650390625,1426.5489455360587,1403.5103643743007,1414.5688833319446,6878067
2023-12-27,1444.1502685546875,1446.8227662265847,1422.862643983342,1422.862643983342,4225849
2023-12-28,1440.049560546875,1445.8552154390939,1432.9997322913293,1445.8552154390939,5702253
2023-12-29,1421.8489990234375,1437.1004712006081,1419.1765012951132,1420.144166634131,4388990
2024-01-01,1429.635986328125,1434.8427277811138,1414.799163664711,1418.254950581332,2808451
2024-01-02,1414.015869140625,1427.6086309615123,1403.5102544550214,1424.7057474638627,5396313
2024-01-03,1373.0994873046875,1400.6996635455614,1371.2564007445471,1400.6996635455614,7550363
2024-01-04,1394.018310546875,1400.5152349032498,1375.7718232468026,1386.8763509676678,7056038
2024-01-05,1412.31103515625,1418.8999788505123,1388.07440470264,1388.5351762892633,8895403
2024-01-08,1403.325927734375,1415.4902520910591,1394.525145818226,1408.99332800709,4440136
2024-01-09,1409.316162109375,1431.1566925228285,1406.1367703448866,1420.9275847658068,4412074
2024-01-10,1400.653564453125,1414.983494047482,1386.9225479581153,1405.3072902245185,4096845
2024-01-11,1376.9698486328125,1405.3534251009314,1369.9661425866611,1405.261293276588,11296088
2024-01-12,1486.21875,1491.056851650907,1433.368271607278,1439.450434041234,26754401
2024-01-15,1522.4815673828125,1534.3233755421343,1507.6447436874366,1515.8925107048797,13228305
2024-01-16,1503.5439453125,1519.1640585147397,1497.5077919845023,1515.7543934625273,6500917
2024-01-17,1511.51513671875,1518.2424471875822,1493.1303945709744,1493.1303945709744,9209876
2024-01-18,1513.72705078125,1519.624950589614,1500.502926499417,1513.7731729449654,6375464
2024-01-19,1529.0245361328125,1534.8303036837544,1515.1553775281222,1522.020829836473,4522736
2024-01-23,1513.312255859375,1543.3084208611072,1509.2113209406687,1520.6384796288353,9401255
2024-01-24,1543.95361328125,1548.1926898142694,1515.9386754431387,1529.669692631178,8999681
2024-01-25,1538.147705078125,1548.6994420250173,1527.9185982399085,1541.6956238359799,8865304
2024-01-29,1526.6285400390625,1547.5936491768944,1518.3346507098104,1534.5077798990815,4253785
2024-01-30,1521.8824462890625,1557.4079810311105,1518.9335530973535,1532.0194213135253,4995943
2024-01-31,1530.59130859375,1536.4430861232538,1509.5800760939778,1518.9337632044703,6763779
2024-02-01,1527.0433349609375,1545.4280783736983,1520.8689274978267,1529.3471931576782,5760011
2024-02-02,1560.4951171875,1583.6719506012253,1534.3693906028748,1535.3370559365164,7858483
2024-02-05,1554.82763671875,1567.3145920332188,1549.8974031142452,1561.7853328521521,3634135
2024-02-06,1593.762939453125,1597.0344630098957,1542.6172887335351,1554.4130874102375,7694265
2024-02-07,1560.86376953125,1593.3481668011993,1554.5050990563916,1593.3481668011993,4613877
2024-02-08,1559.34326171875,1572.4752526176906,1550.7729772594932,1564.7803892211357,5919715
2024-02-09,1538.378173828125,1560.080561966992,1529.577503446997,1552.5238399589869,4600004
2024-02-12,1548.2847900390625,1560.126598289278,1539.2997433619348,1539.2997433619348,3555808
2024-02-13,1552.3857421875,1556.578696520759,1532.9872115852988,1550.957305138598,2696481
2024-02-14,1535.4752197265625,1538.4702350970776,1507.1838887623073,1529.9459605809961,3768579
2024-02-15,1544.828857421875,1555.3344719693396,1531.2360957797196,1545.4278829759044,4834391
2024-02-16,1568.14404296875,1574.917363137815,1555.5188333576436,1556.486498735968,4880654
2024-02-19,1566.39306640625,1577.2211990906292,1555.2884257624896,1571.2311682439513,3690993
2024-02-20,1553.0306396484375,1561.3245282446908,1537.825177221973,1552.800253854097,3706389
2024-02-21,1525.6610107421875,1542.663439133254,1516.2151921931338,1542.663439133254,4300508
2024-02-22,1549.4366455078125,1552.4316609246032,1515.3856690741432,1534.3694366019563,5841277
2024-02-23,1545.2896728515625,1565.194983220865,1540.728079066558,1563.8587905950133,5373072
2024-02-26,1529.89990234375,1543.5386736406174,1515.9385009458492,1543.5386736406174,2782438
2024-02-27,1533.079345703125,1539.9909201570279,1523.1267459853489,1530.6833557243867,5159088
2024-02-28,1540.1290283203125,1555.3806128350852,1531.6508761234932,1538.9770993537304,3188916
2024-02-29,1542.5711669921875,1550.2660301238518,1523.5873997921522,1534.369410109207,7814722
2024-03-01,1524.8775634765625,1540.7741844629486,1521.4678984651173,1538.0556768856939,6387291
2024-03-04,1508.7506103515625,1533.862664687169,1505.4791992091916,1527.7805015485362,4445156
2024-03-05,1480.4591064453125,1508.8886908149464,1476.3121621695554,1505.8015436860508,4596579
2024-03-06,1490.642333984375,1493.0383239437163,1452.3521668225044,1477.0495710017406,6420684
2024-03-07,1489.6285400390625,1500.6870590284748,1478.3396352373709,1489.7667940250446,6348359
2024-03-11,1475.02197265625,1487.186409973432,1463.4105512344881,1481.9796685740168,6752895
2024-03-12,1486.403076171875,1497.5077168540815,1472.303532549028,1474.4691365947879,4614222
2024-03-13,1484.974853515625,1497.0470479006656,1473.1330449489747,1486.3571684259673,5688997
2024-03-14,1523.58740234375,1527.6882245455754,1481.8414508033693,1487.7393497230903,8803799
2024-03-15,1505.8013916015625,1516.6756449347063,1491.3792199116642,1512.3443249660922,11809997
2024-03-18,1476.911376953125,1504.5576756669025,1473.4094674521489,1502.11556344857,4958904
2024-03-19,1438.943603515625,1473.5475961267095,1435.764324431153,1467.4193112677192,6870411
2024-03-20,1432.95361328125,1451.3844780457566,1430.5576233604784,1440.3720813461923,4759059
2024-03-21,1432.72314453125,1453.2274803947662,1422.3097740379771,1441.2935411478331,11062497
2024-03-22,1390.470458984375,1408.9474454626866,1380.6560012352104,1401.6672315575609,14673890
2024-03-26,1375.5413818359375,1389.1801527269931,1371.164051948253,1374.9423563000637,8351081
2024-03-27,1367.431884765625,1381.3932870499673,1365.3124028550521,1378.628657389427,6857402
2024-03-28,1380.5177001953125,1393.188917951044,1370.472857803067,1370.472857803067,12499530
2024-04-01,1378.121826171875,1409.9150687111335,1375.6798265220143,1405.353474561426,6580002
2024-04-02,1366.5103759765625,1376.0023163808078,1364.6672894897633,1368.353462463362,7279400
2024-04-03,1364.4827880859375,1377.7990406355623,1359.2760471693564,1362.9622195006632,8736248
2024-04-04,1370.0582275390625,1378.3061066574217,1352.8254147328123,1373.6062588459959,11186915
2024-04-05,1363.054443359375,1370.0581487632178,1360.2438042627782,1363.9299768430176,5072482
2024-04-08,1360.8428955078125,1373.97488704448,1358.4469055155266,1366.6486630791478,6610887
2024-04-09,1377.56884765625,1395.0321590156452,1370.6112639030227,1373.0993855776476,9423230
2024-04-10,1388.581298828125,1391.3919380114644,1368.076963217734,1382.6372778632074,6744595
2024-04-12,1368.26123046875,1388.581302495331,1363.4231287950938,1386.0009366054892,12275616
2024-04-15,1352.9638671875,1374.8965310226422,1346.4209320201485,1363.8841331877177,8531224
2024-04-16,1303.4766845703125,1340.9835588768526,1302.1866141339272,1337.1591322439795,16173541
2024-04-18,1307.9000244140625,1331.3532509485221,1297.071893156803,1309.6048566240418,22107945
2024-04-19,1300.52783203125,1314.903883353496,1270.5776782377934,1276.3373231980736,20603621
2024-04-22,1320.3409423828125,1324.1192467826613,1302.1865874045059,1308.4991354557612,5859087
2024-04-23,1329.234130859375,1333.3349537089287,1320.5716009990065,1329.7870343625723,4856174
2024-04-24,1318.4979248046875,1330.9848800805114,1315.0882599841418,1330.9848800805114,4268213
2024-04-25,1325.59375,1331.5377710414832,1308.5913232271268,1308.5913232271268,9089398
2024-04-26,1318.037109375,1331.9985107982977,1315.042094094127,1326.745647271391,8062444
2024-04-29,1322.1842041015625,1326.838042603384,1316.1941728580287,1317.7607514168,5055957
2024-04-30,1309.0982666015625,1323.8429581264434,1306.3336369406475,1322.1380131744238,6936588
2024-05-02,1303.4766845703125,1312.2774667921617,1301.0806948402314,1302.1404919784582,10076354
2024-05-03,1305.1817626953125,1313.0148803966708,1293.109456008172,1310.5266461015717,8842345
2024-05-06,1314.028564453125,1332.27505360971,1305.9189387214822,1308.5914366893924,6445422
2024-05-07,1327.897705078125,1330.1094313833817,1304.536606119083,1313.1530130338447,6080661
2024-05-08,1315.318603515625,1326.791770914921,1313.751912640343,1322.6448266752147,6234983
2024-05-09,1326.6075439453125,1336.1915031252968,1313.0607915586831,1315.5490256671164,6088406
2024-05-10,1313.10693359375,1323.289918499904,1302.1405469699123,1322.460619610937,8777481
2024-05-13,1311.770751953125,1313.199189050727,1300.4818466437416,1313.199189050727,3735954
2024-05-14,1312.9224853515625,1321.2624958851497,1306.7943133773022,1314.4891762078207,3463230
2024-05-15,1308.545166015625,1319.4655424641765,1307.255095585117,1314.120547134986,4327544
2024-05-16,1339.32470703125,1341.5364330774394,1315.0420676637514,1321.4467475230538,9249145
2024-05-17,1330.9847412109375,1342.6882935563137,1326.330903569612,1342.6882935563137,7542860
2024-05-21,1321.6312255859375,1331.3534390178734,1316.332352094495,1317.8067987413262,6752663
2024-05-22,1340.6612548828125,1345.40711294369,1315.9638491315707,1316.6550066153582,7173285
2024-05-23,1356.8802490234375,1362.17912249703,1336.2376585581328,1340.5688666610595,8641428
2024-05-24,1350.15283203125,1359.7369031866842,1345.4529845154584,1353.0557154211108,5277938
2024-05-27,1355.91259765625,1363.5153292403581,1345.6834903871545,1356.373369267408,5821844
2024-05-28,1351.9500732421875,1360.1978403527887,1345.7296562893546,1359.7370687266528,6186922
2024-05-29,1337.1131591796875,1350.521658721026,1336.237738072663,1350.4295268928772,7401634
2024-05-30,1315.4569091796875,1336.0995011368218,1310.0198938256992,1329.6026885129104,9663150
2024-05-31,1322.4598388671875,1350.5182603744363,1315.9739443356261,1325.1858078435043,37113815
2024-06-03,1321.519775390625,1353.5731158092904,1319.7337879140582,1353.5731158092904,10589244
2024-06-04,1310.0048828125,1330.0734594103187,1276.8234990229753,1324.4335719499218,13736134
2024-06-05,1344.2672119140625,1351.6930870098186,1316.1148183429186,1316.1148183429186,9233424
2024-06-06,1383.8875732421875,1385.8145809499692,1351.2232206049546,1358.2260359203012,12660930
2024-06-07,1441.5555419921875,1447.2894059410087,1388.587609747668,1392.1125402174964,24075302
2024-06-10,1409.7369384765625,1437.9834221145236,1407.434030215548,1433.753506313127,6810606
2024-06-11,1405.9769287109375,1416.0346820025904,1404.2849165946768,1410.018893908781,4853054
2024-06-12,1396.0601806640625,1418.1967861734406,1393.7572723769142,1416.5518188986746,9564320
2024-06-13,1404.28515625,1414.6719965407349,1399.961264790733,1405.2721826102318,7307565
2024-06-14,1399.5382080078125,1413.4498626747718,1396.8592841989566,1413.4498626747718,4237727
2024-06-18,1408.280029296875,1416.5519111720494,1405.6481503320965,1407.152097561087,5420939
2024-06-19,1420.6407470703125,1424.6827126496337,1406.8699977638037,1414.6718886285164,5493456
2024-06-20,1424.44775390625,1426.4216917830183,1409.1260120772156,1425.2937600659554,7927010
2024-06-21,1440.70947265625,1464.256053061363,1432.2496398990345,1452.2712899886412,17301941
2024-06-24,1435.4925537109375,1437.325471461373,1424.4477727552649,1433.0486251290843,5564989
2024-06-25,1449.4041748046875,1451.237207255743,1429.1006009006553,1434.4115183965616,4551525
2024-06-26,1448.229248046875,1455.89011914625,1442.8714001458156,1448.5112883548547,4851004
2024-06-27,1478.919677734375,1483.6666295895413,1440.0985156795878,1446.114304702132,14757754
2024-06-28,1472.7156982421875,1493.1602914681441,1470.3657449978248,1478.1676356666337,8197544
2024-07-01,1495.322265625,1503.876072321398,1465.900805673246,1465.900805673246,6801771
2024-07-02,1523.7569580078125,1535.7417213583608,1491.280553383894,1500.3983274471718,10493173
2024-07-03,1529.7255859375,1537.809402144264,1509.609963229638,1527.4696078755678,7269965
2024-07-04,1551.5802001953125,1560.3690026530594,1530.2896001922775,1530.4775505601317,8008311
2024-07-05,1548.572265625,1565.8679458210338,1535.3185512266714,1552.332191113537,7065022
2024-07-08,1561.9200439453125,1566.008939897241,1541.5694246287367,1544.483343885064,5880533
2024-07-09,1557.6900634765625,1566.7138611771477,1551.9091554243114,1560.2750121000736,5191182
2024-07-10,1549.32421875,1573.5287378659184,1539.2664644712022,1557.5490553427878,9852770
2024-07-11,1553.5072021484375,1565.0690191786375,1543.4964921091096,1556.6091866425368,8857679
2024-07-12,1609.01318359375,1616.5330348972404,1566.6200448190868,1579.1687737330217,17078316
2024-07-15,1604.59521484375,1624.2877782953476,1600.4592739409936,1622.5957659620963,6942230
2024-07-16,1622.454833984375,1633.593589888385,1597.9682742375035,1615.4519041715741,6886281
2024-07-18,1652.5343017578125,1659.4431419133819,1615.827983176718,1615.827983176718,11248896
2024-07-19,1685.3394775390625,1733.3255702708213,1679.2295989019908,1733.3255702708213,29819116
2024-07-22,1702.1651611328125,1713.5859571917674,1685.3394724496927,1692.1074068427617,8462126
2024-07-23,1726.65185546875,1729.5187298905632,1676.2218304432815,1701.36633287668,7113056
2024-07-24,1723.878662109375,1731.7745279912915,1710.3899533806657,1727.2156416274588,6002845
2024-07-25,1715.3248291015625,1721.0117617869892,1703.2460925090763,1710.7659428071297,5815599
2024-07-26,1766.1309814453125,1769.9848820315087,1715.7949342558115,1715.7949342558115,11369047
2024-07-29,1758.799072265625,1788.78450012986,1752.1252276626687,1779.9486525351583,4635931
2024-07-30,1764.4859619140625,1767.1178407699306,1748.365259289592,1758.7990290172347,2721265
2024-07-31,1756.1201171875,1772.0058245898792,1753.1122228334534,1764.344953812893,5004209
2024-08-01,1741.409423828125,1755.7911843622094,1734.3595637121655,1744.699358548906,7475014
2024-08-02,1711.8939208984375,1747.895251074617,1707.147084115294,1732.3855594141,7400938
2024-08-05,1646.7532958984375,1689.6164211011132,1615.4049418548652,1677.8196096487513,10736703
2024-08-06,1646.0013427734375,1689.0994653436978,1640.126459251215,1654.5551502330297,7690163
2024-08-07,1684.1175537109375,1689.9924369566963,1656.341059827465,1688.206449501223,5094329
2024-08-08,1638.528564453125,1673.1198103688212,1623.4418174161967,1673.1198103688212,6227910
2024-08-09,1664.471923828125,1673.8717370362467,1650.6071993461458,1664.9419144885312,4258524
2024-08-12,1689.5224609375,1695.2563240862842,1661.9809621451984,1666.6339385624474,4315329
2024-08-13,1689.5693359375,1701.366147109179,1681.673584839887,1701.366147109179,4176918
2024-08-14,1713.821044921875,1715.4660123309595,1689.5694795075585,1693.8464406687062,7450718
2024-08-16,1747.378173828125,1750.1041425189478,1719.6957707243737,1738.9653871768742,7335657
2024-08-19,1752.8773193359375,1755.46226812506,1738.2135180462226,1748.3653628246682,2585989
2024-08-20,1759.8330078125,1772.5227558229078,1756.0730824760828,1767.1649081160394,3870333
2024-08-21,1760.3028564453125,1766.2247842698705,1755.0389843478197,1762.5588344138969,1966902
2024-08-22,1767.39990234375,1779.9956751616294,1757.4830533776285,1770.9248323444356,4300287
2024-08-23,1750.3392333984375,1769.6088509029312,1745.5453515046195,1765.4729100507645,5015935
2024-08-26,1763.5460205078125,1775.3897624868237,1752.125224235838,1757.7651122966831,3728589
2024-08-27,1786.0584716796875,1788.5494451104064,1761.431007151832,1763.54596510821,3830679
2024-08-28,1822.7177734375,1833.903574209478,1783.5205978872887,1792.450420519267,6514531
2024-08-29,1817.3128662109375,1833.4335688344042,1805.610144647818,1816.9838956969513,7228284
2024-08-30,1827.0416259765625,1832.9635541258785,1812.2839653100993,1821.6837784081808,13466759
2024-09-02,1846.5933837890625,1857.1681741009113,1826.195834151735,1826.712755054023,5573739
2024-09-03,1824.7388916015625,1848.943412636329,1820.226934986873,1848.943412636329,4694322
2024-09-04,1807.0670166015625,1811.5319278069883,1786.0115271331308,1805.7980647866775,4778310
2024-09-05,1817.1248779296875,1823.5637269032381,1794.9882723576418,1810.638983993486,4081810
2024-09-06,1787.7034912109375,1820.2738676395406,1783.00358450389,1806.6441381891027,5848106
2024-09-09,1780.935791015625,1805.5632579164233,1775.624873131343,1776.5648545358595,4772612
2024-09-10,1797.5263671875,1818.8638977650467,1782.2046254069915,1790.5704823041315,6909600
2024-09-11,1795.50537109375,1810.4040523138208,1790.6644442667855,1799.7822173243185,5312946
2024-09-12,1833.3865966796875,1838.9795546148218,1796.1164275717779,1809.464116978717,8555092
2024-09-13,1827.417724609375,1841.0474542218399,1819.4749280775688,1833.3865832495185,3843127
2024-09-16,1833.1986083984375,1834.8435757434945,1817.0309752474043,1828.9686923682912,1570181
2024-09-17,1835.360595703125,1840.9063937669002,1825.584766901514,1830.8486394119768,2793127
2024-09-18,1778.5858154296875,1822.388925387728,1768.3870402660307,1822.388925387728,6385468
2024-09-19,1780.5125732421875,1809.370068657787,1766.036952686509,1795.9282898631557,7976570
2024-09-20,1791.369384765625,1800.0642118988178,1755.3211244108263,1790.6643987818527,15242974
2024-09-23,1782.6275634765625,1803.73021337189,1765.7078993837924,1794.4243751721033,3636672
2024-09-24,1784.6484375,1796.2102531560402,1759.0809925494216,1774.6846588682515,7277616
2024-09-25,1781.5467529296875,1787.4685667691454,1764.1570974239128,1773.1338507441149,4268341
2024-09-26,1786.199462890625,1802.8370859804254,1779.3845984749128,1783.896554606288,8952803
2024-09-27,1792.3095703125,1856.0872866298698,1789.0666803151419,1816.1380763305222,14908931
2024-09-30,1763.0291748046875,1787.139721811022,1758.2352923852816,1767.165116110307,6986955
2024-10-01,1790.053466796875,1794.3773580722982,1762.4650370326212,1762.4650370326212,4029072
2024-10-03,1779.7606201171875,1797.1032292411892,1768.1048290238766,1776.0946700907043,7503887
2024-10-04,1803.0252685546875,1836.8175525476968,1772.8048448832324,1776.1418246086153,10001483
2024-10-07,1818.2060546875,1825.4438655173053,1801.0513942623245,1807.7721694283628,6112575
2024-10-08,1831.6007080078125,1840.436440915146,1791.9334261359113,1821.5898836675146,5637391
2024-10-09,1835.5484619140625,1858.3430081700687,1828.3575821051584,1835.3605115538048,4857163
2024-10-10,1803.8240966796875,1846.1232547571165,1799.2181654069389,1840.3893918331603,4782119
2024-10-11,1818.9578857421875,1830.1436867455332,1795.4583520140732,1802.8842276209207,4709431
2024-10-14,1841.3294677734375,1851.2932470173037,1815.1979406537325,1816.1849669571325,3751378
2024-10-15,1841.7054443359375,1871.925751948734,1834.6085394794932,1842.3633853617557,5353705
2024-10-16,1804.858154296875,1841.9404871358424,1801.3332242595482,1837.6635261263593,3111512
2024-10-17,1849.9771728515625,1859.2830106666543,1814.304928428157,1819.0517651449982,8162822
2024-10-18,1766.7889404296875,1820.6028732629586,1757.0601563072833,1780.1367445813487,10526196
2024-10-21,1741.5504150390625,1784.8366013292746,1727.6856903747387,1777.5986762175419,4654601
2024-10-22,1740.469482421875,1765.0970631717694,1736.0985461009068,1746.67333651753,4125240
2024-10-23,1760.9610595703125,1772.804801466981,1733.3255853155424,1734.500561986716,4311910
2024-10-24,1751.51416015625,1770.9247972575436,1748.3652457001226,1749.6812424897346,2906475
2024-10-25,1750.292236328125,1763.7339001545147,1735.581505943881,1751.60811836117,4689120
2024-10-28,1753.3941650390625,1768.9509020729429,1745.5453438193326,1748.0832475331754,7018940
2024-10-29,1748.59326171875,1760.2866061853301,1738.8011693476826,1754.9627985871089,4621252
2024-10-30,1713.227783203125,1748.308049494395,1707.7613496606602,1741.6532608340028,5919715
2024-10-31,1670.589599609375,1699.728089871948,1660.3697457491953,1699.728089871948,7395236
2024-11-01,1674.011962890625,1678.9080088899161,1665.6460129974564,1677.4819828348002,371966
2024-11-04,1676.6739501953125,1679.8587185569368,1633.275200045737,1639.4546463788554,7336722
2024-11-05,1667.68994140625,1681.2371893406507,1658.9436944231081,1673.2039554066878,3160880
2024-11-06,1733.7625732421875,1737.089967643031,1675.7233776805178,1677.0067780250674,10421494
2024-11-07,1714.1309814453125,1735.6638830746192,1698.8724555004114,1723.5426610222241,4550965
2024-11-08,1739.704345703125,1749.829154713953,1723.7329222391422,1728.3437169759088,4210960
2024-11-11,1768.367431640625,1775.8778590726738,1732.669314114394,1738.8011800020988,3804234
2024-11-12,1776.638427734375,1788.2367269114475,1769.223045604574,1778.8249314544848,5012450
2024-11-13,1776.2581787109375,1780.8213927172376,1764.7549244206982,1769.3181384269985,4257495
2024-11-14,1772.5980224609375,1783.4833086013102,1764.469627272938,1773.5961711004963,4311431
2024-11-18,1722.1165771484375,1758.0049000608628,1706.4778709351956,1758.0049000608628,4839244
2024-11-19,1734.7607421875,1767.987103735295,1730.7679155470983,1735.4737552340218,4669769
2024-11-21,1743.6021728515625,1774.9271666789355,1730.8154024223286,1751.16006482196,5436504
2024-11-22,1808.4388427734375,1819.6569616576032,1743.554652462339,1762.6633798054363,6301486
2024-11-25,1796.5076904296875,1824.6480325215346,1789.1874693080074,1821.5107285834974,12764638
2024-11-26,1829.2587890625,1842.9961275482167,1803.7329448177684,1811.00558516297,6850495
2024-11-27,1829.5914306640625,1845.6580141122217,1817.4702091826562,1834.9152380654443,4447143
2024-11-28,1765.0875244140625,1820.4648690644453,1760.3341042723987,1820.4648690644453,8468790
2024-11-29,1766.2283935546875,1784.4340168837268,1754.0121263454853,1759.811276019277,5244346
2024-12-02,1787.095947265625,1789.9479994533772,1744.6953452341356,1767.3216723437565,2868263
2024-12-03,1798.789306640625,1806.0620629902432,1778.8725217831325,1793.9408410909798,4715792
2024-12-04,1796.0799560546875,1819.56180716774,1782.5327074778559,1791.0888644737497,4705573
2024-12-05,1839.4310302734375,1853.7388717964993,1795.7946087095554,1806.2997139926326,9050038
2024-12-06,1827.5950927734375,1842.3781605401093,1818.088252003757,1837.4822303839658,3573331
2024-12-09,1828.783447265625,1835.0103583375276,1803.6377838079438,1829.3062538776032,4274645
2024-12-10,1852.45556640625,1868.664660829215,1836.721697987323,1843.3764867481466,6174921
2024-12-11,1876.79296875,1880.4530791874988,1855.7352935156714,1858.5873457085745,5025612
2024-12-12,1889.0091552734375,1900.227273174294,1873.370449502188,1877.791037372581,6462130
2024-12-13,1901.0828857421875,1907.500003205855,1857.4465798294907,1872.6099443049989,5362693
2024-12-16,1882.4019775390625,1900.9877808683423,1880.072732013709,1897.0424188970678,3119221
2024-12-17,1879.1221923828125,1884.2559097971648,1861.439491111427,1870.9463322304846,5811050
2024-12-18,1881.54638671875,1887.060284654621,1864.8618349910091,1869.8054617493733,3064095
2024-12-19,1850.2213134765625,1863.1031292043601,1825.3134369549032,1838.623014099366,5323592
2024-12-20,1827.3572998046875,1882.3067661561822,1816.9948208472201,1877.743552521445,11056720
2024-12-23,1829.4014892578125,1844.3271834459897,1814.855975875461,1834.867922920088,2781793
2024-12-24,1814.9034423828125,1846.2284355881454,1749.2586619372746,1832.015755380025,2360544
2024-12-26,1813.3348388671875,1825.0757640546135,1808.4863732653307,1814.9034908105154,3623321
2024-12-27,1822.2236328125,1829.258717915249,1810.0073661143083,1815.2361283318478,3937500
2024-12-30,1812.00390625,1821.510747311123,1793.4655661808106,1821.2254956591669,7789055
2024-12-31,1787.2860107421875,1803.4476395627287,1754.0596496753712,1798.9794709559926,3613063
2025-01-01,1789.6627197265625,1799.5973216045268,1781.5819053214227,1781.5819053214227,1838368
2025-01-02,1861.296875,1865.8602051810894,1792.3248119514092,1793.9409285299619,7083645
2025-01-03,1843.1387939453125,1856.6384617090841,1827.214835312903,1856.6384617090841,6218003
2025-01-06,1842.2830810546875,1875.69964894824,1832.9188662808956,1855.7352837034794,7164403
2025-01-07,1835.62841796875,1861.962437838805,1828.7835386947554,1849.0806215360017,4294832
2025-01-08,1837.81494140625,1842.9961231909604,1795.6045452981161,1834.8202633622047,5482050
2025-01-09,1822.74658203125,1855.5926464465324,1816.3294646707038,1838.6705399259386,6833503
2025-01-10,1869.947998046875,1880.2630131182193,1836.9593070090002,1841.475056372847,8036913
2025-01-13,1865.4322509765625,1885.0164358188285,1852.8832675701437,1859.538056114521,5804152
2025-01-14,1844.374755859375,1874.5589763818855,1835.8660634362316,1871.7543886244132,5792162
2025-01-15,1853.501220703125,1861.4869901029845,1841.5700892018165,1850.981884706997,2985439
2025-01-16,1833.3466796875,1869.948017007702,1822.3187674971882,1868.9973329214629,7533579
2025-01-17,1725.9193115234375,1766.3709642563163,1722.6394979722525,1759.7161759087412,16409953
2025-01-20,1723.8756103515625,1737.8030402662885,1704.7193015774908,1733.0496195308024,4333011
2025-01-21,1711.896728515625,1741.3204695981628,1704.6240883474466,1729.3418737355341,7169109
2025-01-22,1764.8973388671875,1773.786327477544,1716.127317266663,1718.266356355729,8373913
2025-01-23,1773.4534912109375,1786.8582289789933,1761.3322697336553,1766.370941552174,5907471
2025-01-24,1782.96044921875,1801.4513245969808,1772.312833717117,1773.501188842313,4887027
2025-01-27,1732.146484375,1771.1245336940863,1722.639643077662,1757.5772848453794,7652371
2025-01-28,1739.5142822265625,1771.5998715284597,1734.9034874184256,1739.7519532584283,6999495
2025-01-29,1788.474365234375,1795.5094503993766,1749.7339902797964,1754.0120684956396,5145155
2025-01-30,1768.2247314453125,1794.1308715011382,1753.0613674474346,1780.7738303869369,7336056
2025-01-31,1787.095947265625,1803.875428129993,1778.729881094765,1778.729881094765,5820470
2025-02-01,1760.0489501953125,1797.3633003755383,1754.9628135718901,1787.571323971164,1701402
2025-02-03,1771.4097900390625,1784.0063547913574,1742.033627142517,1745.4560668085503,4823228
2025-02-04,1805.1590576171875,1816.9474478919842,1782.5327290891591,1795.8423067996916,7334787
2025-02-05,1803.4952392578125,1825.0281403385413,1800.88085809743,1812.0038151596648,4996744
2025-02-06,1821.177978515625,1829.116167362465,1806.2997494743677,1822.46137881177,4765255
2025-02-07,1809.769775390625,1828.8309215990796,1796.2699917999128,1824.648004479721,4126260
2025-02-10,1787.5712890625,1811.0531389851265,1785.9550565261386,1811.0531389851265,3828734
2025-02-11,1783.150634765625,1809.1518213900456,1777.7792464526458,1790.2331848086437,4411601
2025-02-12,1771.26708984375,1801.1660581275596,1755.9135185424811,1792.0395140512057,5633947
2025-02-13,1752.3485107421875,1781.106705479717,1745.1233346132335,1776.3532848619434,5237744
2025-02-14,1764.8499755859375,1767.6069826690268,1738.1832403249714,1762.568310549922,5292961
2025-02-17,1751.4451904296875,1761.3797918708847,1732.2888845014002,1747.8801254076848,4428956
2025-02-18,1760.619384765625,1769.8410902296603,1746.977091046225,1751.445375977347,4365260
2025-02-19,1721.498779296875,1758.004955145868,1716.840404092615,1756.2937934312417,4611411
2025-02-20,1735.14111328125,1740.7025920720746,1716.5077280780874,1716.5077280780874,2218020
2025-02-21,1725.4915771484375,1739.6092122968646,1717.1255109603246,1731.956275207461,3379879
2025-02-24,1677.101806640625,1718.8368620656656,1663.9348549947076,1711.2789698500455,7594720
2025-02-25,1680.524169921875,1690.744023588038,1659.0863139546623,1659.0863139546623,5092963
2025-02-27,1677.2919921875,1688.2723238346587,1664.7428925260701,1668.640674098442,5757079
2025-02-28,1604.4696044921875,1668.5457398498413,1599.4785126706022,1668.4982752722037,12182167
2025-03-03,1624.3388671875,1643.3525496222132,1608.8427856333933,1608.8427856333933,7504969
2025-03-04,1605.0400390625,1615.2123126810395,1587.6424733239176,1611.4095762179882,6759673
2025-03-05,1627.0958251953125,1647.4879525703643,1608.9852468032536,1608.9852468032536,8180782
2025-03-06,1631.231201171875,1637.3631829139892,1607.7017709749155,1630.4231429408271,10610547
2025-03-07,1602.8533935546875,1620.9163914654462,1592.871210498742,1619.1100684643093,8019331
2025-03-10,1617.5413818359375,1634.225933863566,1593.5366088108908,1602.8533592169706,7558981
2025-03-11,1579.6566162109375,1597.1492261839649,1556.3173920894415,1597.1492261839649,12671234
2025-03-12,1512.3956298828125,1556.1746748414012,1486.6796971141694,1556.1746748414012,14870008
2025-03-13,1501.938232421875,1526.8462251444753,1492.8592690164621,1520.381526929375,7822888
2025-03-17,1511.63525390625,1515.3904095675546,1468.949515897204,1468.949515897204,7526032
2025-03-18,1511.63525390625,1511.63525390625,1511.63525390625,1511.63525390625,0
2025-03-19,1508.307861328125,1523.9465678973438,1495.2359553339961,1523.9465678973438,7387068
2025-03-20,1535.8778076171875,1551.4214700841842,1513.4891497172634,1513.4891497172634,7186750
2025-03-21,1514.0120849609375,1524.802326821007,1486.5372898982932,1500.1320035723254,10074677
2025-03-24,1514.2020263671875,1527.8443193262497,1495.1407646724408,1519.1455370257738,8857726
2025-03-25,1548.1414794921875,1555.46181670782,1525.84798372026,1525.84798372026,9890140
2025-03-26,1520.5716552734375,1556.9829031533513,1516.3411573986234,1545.8123648464964,6651302
2025-03-27,1524.469482421875,1540.0606082841557,1507.7849306219216,1516.8640098840594,9426573
2025-03-28,1493.1920166015625,1519.620965158934,1483.0672076469882,1511.5877308709687,6799047
2025-04-01,1451.21923828125,1471.0885586286036,1442.9957978349414,1463.3404602190724,12680733
2025-04-02,1473.7030029296875,1478.9317655581158,1459.4902057913214,1459.4902057913214,6193478
2025-04-03,1422.6986083984375,1458.967226269639,1411.8133230002038,1458.967226269639,10459504
2025-04-04,1380.0606689453125,1399.4070681791675,1376.5906485892897,1388.4742004590178,9590254
2025-04-07,1327.867919921875,1336.5667020131123,1242.5440281638737,1285.3248095467156,21715252
2025-04-08,1358.33740234375,1384.671303823326,1345.2179161757683,1360.4288608109712,12805001
2025-04-09,1334.4752197265625,1339.9416532809853,1313.7503760547593,1335.758736096975,8546854
2025-04-11,1339.941650390625,1367.844321400648,1328.1532604606723,1341.652928180614,12567440
2025-04-15,1355.675537109375,1376.3053358191778,1339.513907284088,1374.3089224037624,10178530
2025-04-16,1343.4117431640625,1357.1016180730755,1327.9156612183533,1354.7249077086744,12022740
2025-04-17,1349.49609375,1359.2881865002564,1310.327954849587,1329.0563853909828,14264227
2025-04-21,1379.442626953125,1399.2169026224717,1340.4645789137878,1340.4645789137878,15648970
2025-04-22,1352.63330078125,1368.9850198763202,1349.3059066357173,1368.9850198763202,9399738
2025-04-23,1402.1639404296875,1414.4277879886072,1368.6047467603623,1374.6891479419496,11136642
2025-04-24,1398.8365478515625,1409.7694145318515,1389.4247524558623,1397.4105217628291,7114292
2025-04-25,1407.2025146484375,1427.642222162945,1391.3261370921732,1402.7343459374797,8329979
2025-04-28,1409.0087890625,1416.1389193452367,1393.0373668593481,1407.2024661808139,5886253
2025-04-29,1423.6494140625,1435.3428747016321,1401.4033833138335,1408.9138107783806,8056743
2025-04-30,1426.12109375,1434.3921144618078,1409.4841231835037,1422.9839060733532,7704183
2025-05-02,1432.5858154296875,1448.081895785028,1422.4134264838601,1425.7408206525301,7402310
2025-05-05,1434.2020263671875,1447.8919007730015,1428.6881281546378,1440.2864278864722,4282493
2025-05-06,1436.958984375,1440.856765886036,1425.170478593818,1431.7302219442606,4270530
2025-05-07,1433.9168701171875,1443.8990531370239,1422.7937965506155,1426.026145690909,5691799
2025-05-08,1436.864013671875,1441.7124795125974,1427.1669659401214,1433.631664427957,8424409
2025-05-09,1433.2513427734375,1436.8639888159648,1420.4171072727893,1426.6915991963783,4478653
2025-05-12,1546.66796875,1551.516434397431,1456.4480254270004,1461.2014458755218,11372857
2025-05-13,1491.2430419921875,1532.6928451513845,1487.4403056280353,1529.6507024801845,12846210
2025-05-14,1513.869384765625,1516.3411402167324,1492.0986956552736,1496.3767741072957,4870057
2025-05-15,1533.453369140625,1538.7771765983814,1493.5246391320036,1511.3975456512203,11151167
2025-05-16,1511.49267578125,1533.0731584594146,1503.5069061207216,1533.0731584594146,4576751
2025-05-19,1482.876953125,1506.8341435615073,1478.9790558755526,1498.7533295424078,8855798
2025-05-20,1483.637451171875,1505.4081383338412,1481.1656959419795,1492.573904126385,7143998
2025-05-21,1491.14794921875,1493.5246593705174,1475.556707413097,1490.577561992386,4157309
2025-05-22,1471.18359375,1483.8277382618005,1464.0534632471729,1478.789066286349,6158990
2025-05-23,1487.6304931640625,1508.9257236923431,1473.5603223754533,1473.5603223754533,5038421
2025-05-26,1502.5560302734375,1505.6933338273104,1485.6338090106342,1489.3414997424045,3170102
2025-05-27,1492.6690673828125,1504.8378701621398,1479.6447417622219,1501.985817890451,7775714
2025-05-28,1494.2852783203125,1509.4010623010483,1492.5740005619675,1503.0315254066693,3623370
2025-05-29,1507.4046630859375,1529.555648703017,1498.8485063145804,1510.6370121874,8609500
2025-05-30,1506.5369873046875,1515.5027951891782,1499.2101525439637,1514.5387348868949,13148092
2025-06-02,1497.9569091796875,1503.9340358386107,1483.6887699715526,1503.9340358386107,4374509
2025-06-03,1487.5450439453125,1510.9717563250315,1480.410974183671,1502.9700087561519,6853403
2025-06-04,1495.4503173828125,1501.3311794658816,1486.0025968815146,1487.545069852834,4548307
2025-06-05,1498.43896484375,1511.3572786610305,1486.195328477135,1492.2689554139665,6948539
2025-06-06,1507.5975341796875,1512.5142181403369,1487.641415492617,1498.8244913615613,3960020
2025-06-09,1516.3704833984375,1530.9277705261318,1514.5387452749073,1521.2871674371763,2903202
2025-06-10,1538.6402587890625,1549.726952383094,1520.8051430073597,1527.0715350387688,8591925
2025-06-11,1572.4786376953125,1575.8528485433976,1532.9521677606,1532.9521677606,10597410
2025-06-12,1550.7874755859375,1569.4902701551284,1540.6648417796544,1558.8856061675938,10483574
2025-06-13,1544.4246826171875,1551.1731050755648,1513.7675163758718,1519.3591134860721,6968315
2025-06-16,1565.441162109375,1576.0458254086714,1539.7006814911979,1542.4964798976407,5591842
2025-06-17,1580.962646484375,1588.193099360836,1557.535932091381,1562.452616510744,7622083
2025-06-18,1574.214111328125,1585.589952431105,1562.7417700471647,1562.7417700471647,5629707
2025-06-19,1560.2352294921875,1571.4183055533617,1553.5831898154863,1565.5375611980423,5147760
2025-06-20,1564.573486328125,1572.0930860674746,1551.076642111549,1560.8136276168789,9202821
2025-06-23,1527.071533203125,1543.4605584963404,1518.7806380620095,1543.4605584963404,7943676
2025-06-24,1524.7576904296875,1551.172965207259,1519.9373891083474,1543.4604830931148,8083992
2025-06-25,1556.8609619140625,1561.6812632899293,1528.1319186406413,1532.8558375256184,7813533
2025-06-26,1557.9215087890625,1565.6339915058402,1548.8593180602195,1550.9803214172216,6519233
2025-06-27,1550.208984375,1571.0326636135578,1544.8102701550988,1560.8136478253264,8912268
2025-06-30,1544.2318115234375,1556.9573602116636,1536.8084767193552,1556.9573602116636,6294505
2025-07-01,1549.0521240234375,1559.5602870581276,1542.978497111504,1551.1730095922587,4178937
2025-07-02,1552.619140625,1589.735462831807,1545.7743359105034,1559.8495930029494,8653641
2025-07-03,1560.5244140625,1573.7321112354073,1556.9574379034102,1560.331649069145,5259695
2025-07-04,1581.7337646484375,1584.3367981958825,1554.3545449332526,1566.5980642699803,4411273
2025-07-07,1568.526123046875,1584.91514830305,1564.669881810128,1581.058907066303,3294523
2025-07-08,1579.8056640625,1587.0361167588558,1563.2238729521173,1569.4902652889589,4590681
2025-07-09,1574.9852294921875,1579.1307357618878,1565.248244218562,1578.937970779495,4580828
2025-07-10,1557.7286376953125,1579.998406486553,1549.341242702206,1579.998406486553,5330179
2025-07-11,1537.579833984375,1549.3413228616234,1506.8262861181436,1522.3476337948875,11391755
2025-07-14,1513.8638916015625,1534.5911874414394,1503.7412587495296,1534.5911874414394,9173426
2025-07-15,1528.614013671875,1545.967099361679,1507.790334380739,1508.8507771918205,7614807
2025-07-16,1550.112548828125,1554.0651724422496,1521.7691530397587,1522.2511831800944,6223491
2025-07-17,1526.5894775390625,1552.1370753633664,1523.3116489985612,1540.5683518202854,7374814
2025-07-18,1529.0960693359375,1541.8217363306167,1523.2153248462614,1534.8804313290245,5161833
2025-07-21,1527.36083984375,1531.8918763569468,1510.4897839367352,1523.2153333190533,3682661
2025-07-22,1514.4423828125,1528.806905141675,1508.7544033781517,1508.7544033781517,8473741
2025-07-23,1517.9129638671875,1534.6876368616054,1494.2934861823694,1519.648319505044,8035026
2025-07-24,1496.70361328125,1525.14339208434,1492.558106924831,1523.21527148752,14169664
2025-07-25,1461.2261962890625,1493.8114825426642,1456.9844249801497,1487.930738061539,10851259
2025-07-28,1461.515380859375,1464.6968268487494,1429.2193615593824,1459.4908778130184,6439855
2025-07-29,1459.2979736328125,1462.6721845547067,1442.3305365336291,1458.5267960319763,7070448
2025-07-30,1464.40771484375,1467.0106307922656,1451.8749299240865,1465.2753927209724,5719051
2025-07-31,1454.76708984375,1472.21655890233,1443.198365471235,1455.4418850255533,6851407
2025-08-01,1416.782958984375,1444.8370894973941,1412.83033538686,1440.2096707795008,8702978
2025-08-04,1427.291259765625,1429.5086455065348,1398.8514812022438,1408.9741142502269,8610216
2025-08-05,1407.8173828125,1425.5559991895734,1402.7078158601623,1425.5559991895734,10213323
2025-08-06,1385.0654296875,1403.768223634903,1378.895537719122,1399.8155998166778,10566934
2025-08-07,1385.25830078125,1390.1749848888187,1363.3740608530718,1378.6062610201184,9892020
2025-08-08,1371.9542236328125,1381.6912093691872,1366.169861688454,1373.785961785155,10048009
2025-08-11,1376.8709716796875,1381.8841562074572,1363.1813615156616,1368.8693412283471,6625368
2025-08-12,1372.918212890625,1389.2108550605094,1369.9296495773656,1376.8708364780418,9899184
2025-08-13,1375.328369140625,1382.4624387348806,1371.279363046038,1373.7858962323605,10318063
2025-08-14,1395.6700439453125,1417.1686356270611,1374.9427475738962,1374.9427475738962,12902347
2025-08-18,1384.1978759765625,1412.05912550974,1378.2206312900619,1412.05912550974,7254561
2025-08-19,1388.246826171875,1397.3090164904586,1381.2091389381637,1381.2091389381637,3986094
2025-08-20,1442.427001953125,1445.1264179190935,1388.921654258322,1388.921654258322,10413061
2025-08-21,1442.619873046875,1453.802949118853,1430.9547668193538,1453.802949118853,6565539
2025-08-22,1434.0396728515625,1450.2359327005538,1432.6899649169563,1444.258688328196,5543397
2025-08-25,1477.0367431640625,1483.6887826854402,1452.549588321255,1452.549588321255,10694531
2025-08-26,1474.6265869140625,1483.1103644867733,1464.021923789744,1468.2638125760993,15994798
2025-08-28,1446.1868896484375,1474.6266696224122,1444.162386475055,1474.6266696224122,5443364
2025-08-29,1416.782958984375,1447.922152992462,1414.951220922169,1447.922152992462,8169075
2025-09-01,1445.511962890625,1449.3682038919694,1423.145694472945,1423.6277245981132,4546057
2025-09-02,1444.837158203125,1458.4305028963795,1432.8829043510907,1445.5120710387366,5218763
2025-09-03,1425.941650390625,1447.9222736017668,1420.0609057500144,1446.09053538698,4623483
2025-09-04,1410.420166015625,1430.6654315565193,1407.6243677138264,1430.6654315565193,5787724
2025-09-05,1392.6815185546875,1419.771590084351,1381.4984423486478,1417.1686742864704,5466487
2025-09-08,1381.4019775390625,1405.5998666589085,1376.9673238557784,1398.8514448025214,3811567
2025-09-09,1450.2359619140625,1453.0316426482493,1419.5787971834648,1427.7733097648295,13072640
2025-09-10,1477.518798828125,1479.7361846012639,1455.056264347903,1455.8274419814547,7281071
2025-09-11,1455.4417724609375,1472.6020926929066,1452.3568266067848,1469.1314991861996,8003662
2025-09-12,1470.7703857421875,1487.4486761823323,1466.4321143461764,1481.7606968153777,12856963
2025-09-15,1454.1885986328125,1472.6021270614033,1447.2472937742573,1470.7703889313757,6167414
2025-09-16,1456.9844970703125,1459.5874130189484,1449.4647790449067,1454.18869843609,8923112
2025-09-17,1467.685546875,1471.830935901443,1459.58741614181,1462.3832147820146,4795698
2025-09-18,1485.2313232421875,1499.1138155530703,1483.2068200825713,1494.2935138953433,9331945
2025-09-19,1484.845703125,1495.546867150236,1465.4681136380061,1489.0875921991392,12988129
2025-09-22,1445.6083984375,1460.2620677071914,1428.7373434373958,1429.4121385641438,15655204
2025-09-23,1443.6802978515625,1458.6232324870878,1439.3420265057648,1439.3420265057648,9832164
2025-09-24,1440.884521484375,1442.909024606748,1429.4121802134027,1433.7504516255494,4937004
2025-09-25,1431.4368896484375,1448.6934761875953,1423.4351414751138,1435.4858961438838,9491867
2025-09-26,1396.8270263671875,1425.555953399892,1389.4036912657584,1421.9889772759154,8597058
2025-09-29,1389.982177734375,1412.3483294621576,1384.872611107433,1407.5280279964163,10513117
2025-09-30,1389.982177734375,1400.0083106366037,1386.4150840398418,1391.1390030128964,7556305
2025-10-01,1393.8385009765625,1397.405477197979,1376.0997670015454,1394.0312659732858,6250692
2025-10-03,1394.609619140625,1396.2485922754322,1381.6911874663804,1387.282784330546,6877533
2025-10-06,1422.9530029296875,1425.6524188431904,1390.4642178899833,1394.6096065704758,4630590
2025-10-07,1406.0819091796875,1429.6050033943986,1401.743637948074,1424.5918193613172,5570320
2025-10-08,1441.2701416015625,1444.1623224877194,1402.707729786136,1404.6358503769075,4657192
2025-10-09,1455.0562744140625,1459.5873108023447,1433.557682406266,1448.0185870707542,7028753
2025-10-10,1460.4549560546875,1467.0104954131987,1444.933608930849,1455.7310370996563,3738353
2025-10-13,1439.5347900390625,1450.6214834671307,1430.087069727637,1443.1982662450723,5859355
2025-10-14,1436.353515625,1459.9729938155936,1433.075686951717,1445.1264411305913,5600789
2025-10-15,1421.4105224609375,1435.1001315764527,1414.75848288892,1430.5690952632847,6986098
2025-10-16,1418.61474609375,1421.5069270236047,1408.0100826842827,1420.9285143742625,8005748
2025-10-17,1389.3072509765625,1405.9855409539045,1382.462446500531,1402.6113299617484,16959378
2025-10-20,1408.395751953125,1414.276496397426,1397.8874708768014,1401.4544470050912,6994246
2025-10-21,1419.482421875,1432.5936185349226,1417.1686535978035,1424.881136066363,1698704
2025-10-23,1473.566162109375,1490.4372172856354,1451.8748054541832,1455.7310466373283,20358624
2025-10-24,1470.57763671875,1487.5450748262833,1463.4435668090073,1484.1708637038648,8652257
2025-10-27,1472.633056640625,1483.2043487095048,1466.3685916918344,1478.0165606695539,7273211
2025-10-28,1468.4241943359375,1474.5908017388306,1458.9296979699484,1467.9347848431598,8211019
2025-10-29,1478.408203125,1488.0005573851865,1465.1941469679696,1468.4241778932897,4884976
2025-10-30,1462.1597900390625,1476.2546872805226,1457.5592692997866,1475.0801523386458,5608867
2025-10-31,1450.9034423828125,1465.3898918009988,1449.3372364048548,1458.4403008415877,4819814
2025-11-03,1454.0355224609375,1459.8105780526128,1442.974820743242,1450.9033496746388,5470600
2025-11-04,1436.808349609375,1450.511814804534,1431.9142548968182,1448.3583414401685,8691330
2025-11-06,1435.6336669921875,1451.58846323567,1430.9354078512456,1447.2816360762577,7944752
2025-11-07,1445.5198974609375,1449.533031326473,1418.4065403991735,1438.8638806951196,8765759
2025-11-10,1481.4425048828125,1487.8048281611332,1458.4402591842686,1458.5381171839108,9787975
2025-11-11,1497.88671875,1500.9210336624128,1479.0933228205395,1492.6989304110698,13692989
2025-11-12,1518.8333740234375,1526.1745164244364,1505.5214596999074,1507.3812396717751,14635417
2025-11-13,1509.14306640625,1524.5104757353395,1497.8866487683968,1524.1189242683809,19655689
2025-11-14,1470.9691162109375,1497.59294295853,1457.2656513734084,1487.8047537888665,9739549
2025-11-17,1475.66748046875,1478.212385937251,1460.8873376663598,1464.3132041198487,7910354
2025-11-18,1454.91650390625,1474.1013313334302,1451.784211591062,1474.1013313334302,7525119
2025-11-19,1508.4578857421875,1510.317665675936,1458.9296699222182,1458.9296699222182,10981126
2025-11-20,1503.955322265625,1522.0634729079381,1501.5082748815287,1522.0634729079381,7387584
2025-11-21,1512.2752685546875,1518.6375916910017,1493.9714020948772,1498.5718033380108,9186302
2025-11-24,1515.2117919921875,1551.4280945139647,1508.3600590826622,1530.4813442936104,19270381
2025-11-25,1498.1802978515625,1517.7566773334454,1493.5798964672151,1516.1905908718425,8107952
2025-11-26,1524.902099609375,1527.251289037942,1499.6485223505715,1499.6485223505715,7575038
2025-11-27,1533.2220458984375,1540.954739594805,1519.3227449478784,1530.8728564928056,7552252
2025-11-28,1527.055419921875,1535.179665000364,1524.0211050739736,1531.8516566735827,4453221
2025-12-01,1530.872802734375,1540.6609920101703,1523.042251313739,1529.4045743430058,5341800
2025-12-02,1527.9364013671875,1546.4361036663386,1523.1401645511503,1533.8093151456649,6335969
2025-12-03,1545.261474609375,1552.406900951154,1521.182551618934,1522.1613705980963,12895312
2025-12-04,1563.7611083984375,1565.1314788059085,1534.7880917871573,1534.7880917871573,12609619
2025-12-05,1581.9671630859375,1597.2368345243183,1566.1103436503722,1575.8985332981872,10344725
2025-12-08,1576.681640625,1595.4749170068917,1566.306063981828,1582.8481284293375,7550413
2025-12-09,1565.1314697265625,1572.8641631737528,1548.883099378693,1567.2848235795727,6957599
2025-12-10,1551.2322998046875,1573.9408513587562,1549.2746619298632,1573.9408513587562,5116140
2025-12-11,1564.1527099609375,1573.3536321517727,1547.023378030827,1564.1527099609375,5159319
2025-12-12,1564.348388671875,1567.8722324584342,1549.0788370408115,1567.4806809838458,4633912
2025-12-15,1572.766357421875,1576.6816332735752,1551.4280562362142,1551.4280562362142,4190558
2025-12-16,1559.1607666015625,1569.0468143358012,1552.0153403019585,1566.1103574156468,5499258
2025-12-17,1568.0679931640625,1572.8642300238714,1552.4068896118622,1553.5814245843821,4817628
2025-12-18,1592.3427734375,1595.4749463972676,1572.6684162407605,1576.3879761796316,6577293
2025-12-19,1603.9906005859375,1619.847539612933,1595.2792073285575,1615.0513027562847,13149023
2025-12-22,1653.8125,1657.3362243784013,1628.7547583833573,1628.7547583833573,23098923
2025-12-23,1632.9637451171875,1643.4370603643276,1621.3157754082474,1643.4370603643276,6593060
2025-12-24,1628.16748046875,1632.2784723030877,1617.4983299175808,1625.8182910699556,4271167
2025-12-26,1621.0220947265625,1633.453167508233,1616.7152673020842,1628.167521100225,2006491
2025-12-29,1609.863525390625,1637.6620082639456,1602.4245250544589,1622.8818655924697,4062817
2025-12-30,1587.2528076171875,1612.9957941560388,1582.554548282334,1612.1148331917736,9395937
2025-12-31,1581.1842041015625,1594.1045668429529,1575.1154547350545,1586.6655664923117,6538656
2026-01-01,1595.2791748046875,1604.8715288376811,1579.9116455766828,1581.184158007412,3658165
2026-01-02,1605.6546630859375,1608.6889779975038,1593.0278744696911,1601.2499777187402,2524526
2026-01-05,1572.374755859375,1602.3265912739637,1549.568226955718,1602.3265912739637,5917885
2026-01-06,1578.0518798828125,1585.5888575673962,1565.1315174017209,1566.2081943610224,4466729
2026-01-07,1604.2843017578125,1607.2207586859843,1580.7926463324388,1580.7926463324388,4508079
2026-01-08,1579.128662109375,1609.472049603195,1574.5281413468902,1604.186403368615,3942131
2026-01-09,1579.91162109375,1596.747378487979,1572.9620305433675,1575.898487352098,6816681
2026-01-12,1562.09716796875,1579.1286413969012,1558.867017677559,1575.996349102621,6985362
2026-01-13,1565.1314697265625,1583.7290294043642,1552.7983751003353,1583.7290294043642,8080618
2026-01-14,1565.91455078125,1582.7501883551427,1549.5682031809922,1554.3644397699236,7557157
2026-01-15,1565.91455078125,1565.91455078125,1565.91455078125,1565.91455078125,0
2026-01-16,1654.00830078125,1658.119292555676,1618.3792672921977,1628.461030733189,19335957
2026-01-19,1645.59033203125,1649.309891747184,1631.201741600405,1649.309891747184,5104958
2026-01-20,1623.7628173828125,1644.6115898062917,1617.889903547792,1637.5641409981627,6406503
2026-01-21,1619.358154296875,1621.9030597634667,1596.6494821313709,1616.0301458476063,6224582
2026-01-22,1628.265380859375,1635.8022392467942,1618.7708845027832,1630.712428320841,6228892
2026-01-23,1635.4107666015625,1640.2068839190629,1626.9928279555104,1631.8869227568262,5869137
2026-01-27,1647.05859375,1653.6167523834592,1625.9161283991023,1650.0930280724322,10673087
2026-01-28,1631.2017822265625,1653.029492632909,1615.05126953125,1644.4158380681818,8588664
2026-01-29,1624.35009765625,1631.2018305177105,1607.318623503672,1622.8818691859371,4749582
2026-01-30,1606.241943359375,1619.9454090553113,1583.8269648597889,1619.9454090553113,9207926
2026-02-02,1594.8875732421875,1626.7970461591942,1583.7290136495644,1626.7970461591942,6784887
2026-02-03,1620.9241943359375,1691.3991593070652,1617.9877374621406,1690.616056346825,8805868
2026-02-04,1503.2701416015625,1551.3301265638145,1478.1144237257668,1540.66097646391,28828622
2026-02-05,1488.00048828125,1518.1481590925844,1483.5958031001303,1501.5082372972433,10628127
2026-02-06,1475.177978515625,1492.6988611765453,1448.6520095352703,1489.86026239605,13900866
2026-02-09,1465.4876708984375,1495.6353420798034,1461.376679139494,1489.8602864300617,8294615
2026-02-10,1466.0750732421875,1483.7916723660803,1459.4190565785855,1468.2284271414342,8657000
2026-02-11,1440.7236328125,1474.003477029586,1437.885033967625,1469.4029562852068,7934411
2026-02-12,1356.64306640625,1405.2903204885395,1351.259562174479,1398.6344233110094,26048896
2026-02-13,1340.1009521484375,1348.1273389393946,1254.3564391221673,1266.493817560756,45785709
2026-02-16,1336.6751708984375,1346.854912154694,1309.953484521095,1344.6035807140283,14621891
2026-02-17,1361.73291015625,1400.6899531531467,1338.0455387563604,1340.9819956812096,25347684
2026-02-18,1344.603515625,1371.3253201935424,1316.805153615715,1361.4392729027982,20241373
2026-02-19,1341.471435546875,1372.3042339560152,1334.326009074035,1355.6643110050506,14574228
2026-02-20,1324.5377197265625,1336.0878308198503,1309.8554358713993,1330.4106332686276,12633552
2026-02-23,1299.3822021484375,1323.3632672728343,1290.0834217940796,1323.3632672728343,12887826
2026-02-24,1248.4835205078125,1275.988307999553,1237.3249610296912,1273.4434027288626,27839061
2026-02-25,1262.7742919921875,1295.564726518415,1258.9568742250233,1258.9568742250233,16669618
2026-02-26,1261.7955322265625,1286.168148899459,1259.054910753846,1277.848187510079,11493914
2026-02-27,1272.5625,1306.723305439908,1266.7874442662774,1298.207628321947,23141724
2026-03-02,1261.5997314453125,1271.290062662244,1246.0364867011174,1263.6552272829085,9700361
2026-03-04,1279.7078857421875,1289.104523520103,1264.6340504084835,1264.6340504084835,15154950
2026-03-05,1278.141845703125,1292.0410271405913,1262.7743163409898,1292.0410271405913,10362147
2026-03-06,1280.686767578125,1299.0884925711757,1275.4011212294208,1275.4011212294208,8724291
2026-03-09,1287.14697265625,1290.0834296280893,1255.3353554613236,1262.676497890922,10068514
2026-03-10,1268.1578369140625,1293.0198627132945,1256.9014187299574,1292.0410437407636,9600171
2026-03-11,1249.2667236328125,1271.975276386956,1244.3726286871142,1260.7188580118502,7868891
2026-03-12,1238.9891357421875,1251.5179472285731,1231.3542997621664,1245.5471752363726,7599940
2026-03-13,1221.8597412109375,1242.7085131232232,1216.280401513626,1224.5025045780033,7366098
2026-03-16,1223.3280029296875,1227.7326883178384,1198.2701415781937,1213.931245180508,12314450
2026-03-17,1206.785888671875,1218.6295738865974,1189.3628638376754,1218.6295738865974,11223276
2026-03-18,1240.261474609375,1263.459555545422,1208.7435520363658,1211.7778669014497,12365381
2026-03-19,1194.9422607421875,1228.4178221249233,1189.3629208552388,1217.846529327881,9156461
2026-03-20,1229.2987060546875,1238.0102183433878,1203.1641691885866,1215.6930991638783,27299975
2026-03-23,1230.1796875,1234.3885372371806,1201.4023868626336,1211.9735596886824,12420293
2026-03-24,1251.224365234375,1269.5282325903943,1224.5025589595862,1242.1213008151199,13613495
2026-03-25,1252.00732421875,1263.263742406015,1230.4733068170258,1243.100095463166,10824030
2026-03-27,1242.806396484375,1267.3748481809973,1236.444073189259,1257.9780904958054,13092541
2026-03-30,1224.1109619140625,1238.6953882487069,1216.6719617488286,1223.5236944376795,14108486
2026-04-01,1248.6793212890625,1275.4011271577126,1242.610691424955,1262.6764804554484,8137156
2026-04-02,1273.247802734375,1277.7503462365091,1233.116223742555,1233.3119397486187,12873492
2026-04-06,1278.5333251953125,1292.041075138383,1271.4858762157266,1273.8350657038357,10208682
2026-04-07,1311.0301513671875,1316.609371698259,1266.1023367797188,1274.4222980187042,15355792
2026-04-08,1317.68603515625,1347.7358488962445,1302.8080347694565,1320.4267760360608,16030133
2026-04-09,1303.395263671875,1309.170319257509,1286.1680743957882,1301.7313192842819,14894607
2026-04-10,1265.12353515625,1290.9643801968148,1256.1184483091881,1290.0834192154255,19233369
2026-04-13,1249.756103515625,1261.6976471062894,1238.8911174058185,1245.0577246851824,10366082
2026-04-15,1277.6524658203125,1294.4881045276459,1272.9540869097948,1278.631284802942,12098912
2026-04-16,1291.2579345703125,1302.808046184627,1281.2740288923192,1294.0965334739733,18527029
2026-04-17,1290.7685546875,1300.165312581974,1278.4354593069281,1285.1893342368037,12064048
2026-04-20,1284.7977294921875,1296.8372503675125,1280.3930442184933,1292.0410136169874,7172300
2026-04-21,1285.385009765625,1296.9351212811175,1271.7795218169556,1282.2528368892558,10057440
2026-04-22,1241.729736328125,1270.2133447995752,1229.2987830540255,1267.5705813427946,20088378
2026-04-23,1214.32275390625,1238.891085420282,1200.0320212693207,1227.438951608261,14792854
2026-04-24,1130.144287109375,1197.9764852174349,1127.7950978335834,1174.5826894228176,42078914
2026-04-27,1145.5118408203125,1154.9084786451926,1130.04645394258,1130.1443119385692,19579883
2026-04-28,1127.697265625,1144.6308809119316,1125.4460537763027,1138.0727223885278,12720276
2026-04-29,1142.7711181640625,1153.2444330805374,1132.2978032475876,1133.961747660014,8303109
2026-04-30,1156.768310546875,1164.5988623339997,1135.0384576467616,1142.7711514334947,12205669
2026-05-01,1156.768310546875,1156.768310546875,1156.768310546875,1156.768310546875,0
2026-05-04,1143.652099609375,1169.6886601132755,1140.5198072387318,1169.6886601132755,7735811
2026-05-05,1153.1466064453125,1160.0961972461241,1135.5278649580357,1144.728787187228,8164108
2026-05-06,1142.4774169921875,1166.2627649868193,1139.443102180398,1161.8580797644604,9856963
2026-05-07,1138.07275390625,1150.5038263553197,1134.6468875555572,1148.1546369607545,12013987
2026-05-08,1154.2232666015625,1158.4322359116547,1134.2554554613432,1136.4088093734103,7582770
2026-05-11,1152.0699462890625,1161.8581361470833,1147.2737093616843,1151.0911273032605,7336288
2026-05-12,1116.1473388671875,1137.3876630949442,1099.2137225952,1137.3876630949442,16891948
2026-05-13,1099.3115234375,1118.398492694932,1097.2560275682617,1112.5255790772605,6664111
2026-05-14,1071.8067626953125,1098.137016652994,1065.933848927119,1096.0815207310736,16914842
2026-05-15,1095.2984619140625,1109.1976439317652,1078.266987402901,1078.658538900176,17482450
2026-05-18,1118.3006591796875,1121.8243835304838,1094.319594715878,1095.2984136735845,12096377
2026-05-19,1171.5484619140625,1173.0166903851343,1137.3876555901809,1137.3876555901809,32175705
2026-05-20,1168.4161376953125,1181.3366195800531,1159.802602590221,1161.8580984968487,15121010
2026-05-21,1156.180908203125,1176.3446743746752,1152.0699163634372,1170.7653346096859,10021033
2026-05-22,1149.622802734375,1166.5564175672662,1147.6651649263981,1157.4533539662823,8803066
2026-05-25,1143.75,1159.900513478819,1141.4008105061328,1157.9428754813864,5856136
2026-05-26,1142.966796875,1155.6914427435413,1138.2685377836078,1141.5965459846338,8005767
2026-05-27,1135.3321533203125,1142.5754376343073,1130.5359164445094,1136.4088302961693,6371871
2026-05-28,1135.3321533203125,1135.3321533203125,1135.3321533203125,1135.3321533203125,0
2026-05-29,1136.3109130859375,1184.370898370815,1129.1654871448488,1156.96396849116,69085430
2026-06-01,1177.02978515625,1191.222659904496,1148.8397516554953,1150.1122640819906,19439331
2026-06-02,1243.8831787109375,1251.811588367994,1206.3943648530496,1206.3943648530496,36032600
2026-06-03,1196.7039794921875,1223.425783618914,1190.2437985614154,1215.7909483013548,18534303
2026-06-04,1175.855224609375,1189.4607121046952,1170.8631524946943,1182.4132636253246,12755957
2026-06-05,1172.1357421875,1197.8787294549086,1169.0035692089534,1194.159169493737,8692290
2026-06-08,1162.4453125,1175.26781631171,1151.5804465064052,1152.559265415463,8631711
2026-06-09,1155.300048828125,1168.3182691086097,1142.5754025403635,1168.3182691086097,10984054
2026-06-10,1145.300048828125,1171.4000244140625,1143.300048828125,1160.0999755859375,8887626
2026-06-11,1114.5999755859375,1133.699951171875,1109.0,1129.699951171875,9372176
2026-06-12,1116.4000244140625,1123.300048828125,1111.5,1120.0,8075333
2026-06-15,1134.9000244140625,1151.0,1123.0,1130.0,7856192
2026-06-16,1143.5999755859375,1153.800048828125,1123.199951171875,1136.9000244140625,10456090
2026-06-17,1157.699951171875,1162.5,1148.0,1149.0,5995119
2026-06-18,1127.5,1142.9000244140625,1125.300048828125,1142.9000244140625,16781447
2026-06-19,1051.4000244140625,1066.0,1030.0,1062.300048828125,45665442
2026-06-22,1065.4000244140625,1080.300048828125,1055.0,1055.0,10178505
2026-06-23,1029.300048828125,1055.300048828125,1026.0,1053.800048828125,19323064
2026-06-24,1056.5999755859375,1065.5,1037.699951171875,1040.9000244140625,12346266
2026-06-25,1041.199951171875,1068.0,1039.0999755859375,1065.0,15866779
2026-06-26,1041.199951171875,1041.199951171875,1041.199951171875,1041.199951171875,0
2026-06-29,1036.699951171875,1046.5999755859375,1029.0999755859375,1037.0999755859375,15080892
2026-06-30,1000.4000244140625,1030.4000244140625,996.0,1030.0,24128263
2026-07-01,985.2999877929688,1014.0,982.4000244140625,1006.0,13037982
2026-07-02,1040.9000244140625,1045.0,1006.0,1006.4000244140625,18741111
2026-07-03,1047.199951171875,1068.699951171875,1042.0,1063.0,11653534
2026-07-06,1042.199951171875,1053.0,1033.0,1050.0999755859375,5559747
2026-07-07,1071.800048828125,1087.5,1040.5999755859375,1040.5999755859375,18866296
2026-07-08,1069.300048828125,1079.699951171875,1064.4000244140625,1071.9000244140625,13022221
2026-07-09,1050.800048828125,1062.699951171875,1040.4000244140625,1062.699951171875,9003333
2026-07-10,1068.0,1091.300048828125,1064.699951171875,1075.0,9747266
2026-07-13,1102.5999755859375,1114.9000244140625,1057.0999755859375,1057.0999755859375,20994760
2026-07-14,1092.9000244140625,1113.5,1090.0,1107.800048828125,14819413
2026-07-15,1076.300048828125,1088.0999755859375,1073.0,1079.0,8501933
2026-07-16,1082.4000244140625,1097.300048828125,1077.9000244140625,1082.5,8592146
2026-07-17,1096.5,1116.800048828125,1092.0,1105.0,12547728
2026-07-20,1087.0999755859375,1103.800048828125,1083.199951171875,1102.0,6372645
2026-07-21,1073.5,1094.5,1067.199951171875,1080.0,9485229
2026-07-22,1052.0999755859375,1069.300048828125,1046.199951171875,1064.0,7517203
2026-07-23,1047.4000244140625,1058.5,1032.0,1046.9000244140625,13794578
2026-07-24,1040.9000244140625,1043.4000244140625,1013.9000244140625,1028.0,29036900
2026-07-27,1079.199951171875,1082.0,1057.4000244140625,1065.0,15956349
2026-07-28,1105.699951171875,1118.5,1097.0,1097.0,28100895
2026-07-29,1155.5999755859375,1164.5,1128.4000244140625,1147.0,34400369
2026-07-30,1155.0999755859375,1187.699951171875,1151.300048828125,1168.0,22630218
2026-07-31,1130.0999755859375,1139.300048828125,1107.199951171875,1118.9000244140625,14367075
2026-08-03,1180.0,1180.0,1138.0999755859375,1145.0999755859375,8582270
2026-08-04,1167.5,1175.699951171875,1153.300048828125,1168.0,9243589
2026-08-05,1174.0,1177.5,1162.300048828125,1174.699951171875,9964155
2026-08-06,1165.0,1185.800048828125,1163.0,1174.0999755859375,8521064
2026-08-07,1175.0999755859375,1183.0,1155.5999755859375,1160.0,7581410
2026-08-10,1183.0,1195.0,1175.199951171875,1178.0999755859375,9377001
2026-08-11,1190.699951171875,1193.5,1182.0,1188.0,10160091
2026-08-12,1176.0999755859375,1190.4000244140625,1163.300048828125,1185.5999755859375,7529777
2026-08-13,1175.0,1175.0,1157.0,1170.0,6234215
2026-08-14,1169.199951171875,1174.0999755859375,1158.9000244140625,1170.4000244140625,5844763
2026-08-17,1139.9000244140625,1166.5,1129.699951171875,1163.9000244140625,5817153
2026-08-18,1115.0,1131.9000244140625,1112.5,1124.5,8851110
2026-08-19,1119.800048828125,1134.699951171875,1113.800048828125,1125.5999755859375,8408573
2026-08-20,1130.0,1144.699951171875,1125.699951171875,1143.0,8559841
2026-08-21,1121.0,1133.5,1118.0,1133.0,6094967
2026-08-24,1130.0,1144.5,1122.0,1126.5,8565354
2026-08-25,1144.0,1144.0,1119.9000244140625,1132.0,8121237
2026-08-26,1120.0,1142.0,1118.300048828125,1142.0,6323984
2026-08-27,1110.800048828125,1130.699951171875,1107.199951171875,1120.0,6933998
2026-08-28,1144.0,1145.0,1123.300048828125,1123.5999755859375,9621969
2026-08-31,1133.800048828125,1143.9000244140625,1111.0999755859375,1138.5999755859375,8808120
2026-09-01,1156.0,1156.0,1125.5999755859375,1128.0,13516123
2026-09-02,1140.0,1147.800048828125,1118.5999755859375,1137.699951171875,8564358
2026-09-03,1130.300048828125,1144.0,1122.5,1144.0,5786250
2026-09-04,1130.0,1146.699951171875,1125.4000244140625,1133.0,5881388
2026-09-07,1087.5,1109.9000244140625,1085.0,1109.5,7668346
2026-09-08,1082.0,1095.0,1078.9000244140625,1095.0,6269037
2026-09-09,1035.0,1059.0,1026.5,1059.0,13530457
2026-09-10,1036.5,1046.5999755859375,1027.300048828125,1039.5999755859375,8998529
2026-09-11,1037.699951171875,1047.300048828125,1029.699951171875,1032.0,6168088
2026-09-14,1037.699951171875,1037.699951171875,1037.699951171875,1037.699951171875,0
2026-09-15,1077.0,1097.699951171875,1071.699951171875,1085.0,14816117
2026-09-16,1060.0,1085.0999755859375,1053.5,1082.5,6230590
2026-09-17,1058.5999755859375,1063.5999755859375,1048.5999755859375,1054.9000244140625,5469865
2026-09-18,1051.4000244140625,1061.9000244140625,1038.0,1061.9000244140625,22124953
2026-09-21,1038.5,1044.5,1030.300048828125,1041.5,6074358
2026-09-22,1029.4000244140625,1041.0,1019.2000122070312,1037.699951171875,9341109
