Date,Close,High,Low,Open,Volume
2021-09-15,170.07626342773438,171.02113488517887,169.5251019280091,170.9424028755063,21028598
2021-09-16,181.69029235839844,183.97373302871077,170.31250492577715,170.82431295965313,154986538
2021-09-17,182.00526428222656,186.84770786057976,180.39110810454815,183.46193146136088,82563658
2021-09-20,184.0524444580078,188.46183631236283,181.2965745490359,181.88712701334362,73101936
2021-09-21,190.1547393798828,190.90275592435293,182.43831549865877,184.99733063051883,58854434
2021-09-22,191.7295379638672,193.5405367496249,189.52484161992882,191.7295379638672,54648494
2021-09-23,190.94212341308594,193.38304053896022,190.3122173659831,192.9105985262928,22630330
2021-09-24,187.75318908691406,192.1232025345025,187.16263661237014,192.1232025345025,25779310
2021-09-27,187.95005798339844,190.4303412927185,185.4304086626946,188.81618509788893,23772123
2021-09-28,187.20204162597656,190.23348653066995,186.06031499827827,188.85555135701787,16319138
2021-09-29,187.4775848388672,190.07596557839025,185.58784204890654,185.8240630169862,16045073
2021-09-30,185.94219970703125,189.2885973473177,185.23354918025598,188.89491231481816,16987893
2021-10-01,185.312255859375,186.61144623461044,183.3831470590525,185.19414537483752,16570661
2021-10-04,186.29652404785156,187.67445913294048,185.35165249274198,185.82409450896697,11098123
2021-10-05,184.8004608154297,186.9657907359382,184.64298431750277,186.1390297638174,9578825
2021-10-06,182.083984375,186.13904508167212,181.57217635661507,184.8792205172433,18179336
2021-10-07,183.4225616455078,184.99733930221277,182.91075360420888,183.46192765565672,10770973
2021-10-08,182.43832397460938,184.87922871762098,182.0446264412615,184.8398627074884,10114327
2021-10-11,187.438232421875,188.57994646411387,182.43831273611644,182.67452125970172,22000303
2021-10-12,189.99725341796875,191.33582249501308,187.39887223642205,187.87130177561045,30347455
2021-10-13,196.21763610839844,197.5561926521574,189.09175244542632,190.98149547787875,52091422
2021-10-14,202.0049591064453,206.17813037151106,197.12313729423073,199.40657792601294,88696178
2021-10-18,206.7292938232422,208.89461136276043,202.63486726293698,205.50883531332843,62614961
2021-10-19,193.6586151123047,206.7292895233663,192.94996461617106,205.82378404215478,61336411
2021-10-20,194.17041015625,195.66645563441728,190.82400019137077,193.65861464642552,49663940
2021-10-21,192.6743927001953,195.5483609157645,191.4145681109761,195.27277389695593,23385990
2021-10-22,186.29652404785156,193.54051850812448,184.01309589389874,192.67439144816584,36905793
2021-10-25,183.77685546875,186.3358703693466,181.4934275560539,184.328029444551,23194065
2021-10-26,186.37525939941406,188.18625792563452,183.14695984873234,184.32803987667015,19663381
2021-10-27,187.75318908691406,189.99723858082325,185.98155661796116,189.17049007114062,26909428
2021-10-28,177.24156188964844,185.78474782867238,176.49353277858248,185.11546322094978,48064941
2021-10-29,175.74551391601562,179.72183054423863,175.03686330427942,177.162815139488,27668175
2021-11-01,178.6194305419922,179.17060446643566,175.19428899209737,176.49347932371217,24090945
2021-11-02,177.63523864746094,180.50921948597573,176.76911153799327,179.52498186570045,14896284
2021-11-03,175.1549530029297,178.61946114752834,174.56440049888215,177.95018910517453,18530527
2021-11-04,178.3832550048828,178.97379503947474,176.375401418994,177.04468594762358,7295341
2021-11-08,180.94227600097656,181.65092656091036,177.71397623298014,180.86353150438808,21051238
2021-11-09,180.11550903320312,181.8083971196507,179.4068584964888,180.98163608059394,11964518
2021-11-10,181.76904296875,183.34382065558341,178.89506214873856,179.09191715793088,13948380
2021-11-11,181.09974670410156,182.28083925097576,179.95803264292795,181.41469972566526,8448263
2021-11-12,183.38319396972656,184.20995509564162,180.43048101031914,182.04463724967945,12312123
2021-11-15,187.4775848388672,188.18623526576786,183.54062277267224,184.20990719733905,40247848
2021-11-16,185.39102172851562,188.6980532903774,185.036690234027,188.22562377506563,15241184
2021-11-17,188.5799560546875,193.10745892352983,185.54851128289675,185.82409830554505,48496295
2021-11-18,187.0051727294922,191.33582046342798,186.06030118380758,188.9736478378866,21005037
2021-11-22,181.80841064453125,189.5642011170145,180.74544099905467,187.32013883759143,23443628
2021-11-23,182.35955810546875,183.22568509092432,180.43044915228364,180.43044915228364,13950744
2021-11-24,179.2887420654297,183.22569213417566,178.69820205058576,183.02884962167428,14684422
2021-11-25,182.12335205078125,182.8320025949266,177.75333828232814,178.73757584238228,24825493
2021-11-26,176.37539672851562,181.13910784159535,175.6667462103829,180.23361480961353,28067913
2021-11-29,174.4069366455078,176.09982483282278,173.3833330264511,174.80063418432684,22985358
2021-11-30,174.13133239746094,177.3202659260209,173.2258393773218,174.80061689953843,24408641
2021-12-01,174.72190856933594,175.82424425017024,173.6982924354063,174.800640593582,13496307
2021-12-02,177.5171356201172,178.06829719281234,174.24945732994973,174.72189935988953,16517389
2021-12-03,174.52503967285156,178.10767090197103,174.28883114155934,177.162799344781,14325920
2021-12-06,171.5723114013672,174.9580873235326,171.2573584033377,174.5250238319072,13644352
2021-12-07,173.73765563964844,174.76125920618134,171.729802037902,172.35972056315785,9246755
2021-12-08,177.12342834472656,177.6746023644445,174.0132392205126,174.0132392205126,10241656
2021-12-09,185.35165405273438,186.17841511074607,175.58802282556195,175.58802282556195,39714672
2021-12-10,185.90281677246094,188.1468787997626,184.052452245576,185.9815612634802,36517117
2021-12-13,184.72174072265625,187.98940633947024,184.3674092214562,187.3988663148101,22903720
2021-12-14,179.9973907470703,186.69021078676872,179.17062974376594,185.03668878015998,38953007
2021-12-15,176.41476440429688,182.8319846816125,175.90295643137156,181.09973073838705,35987634
2021-12-16,175.50929260253906,178.06830800315197,173.85577035204773,177.95020996583816,25131188
2021-12-17,171.6116943359375,175.46991261309196,170.66683524864052,175.4305466037897,30827201
2021-12-20,167.24169921875,170.27315677570843,165.194491823201,170.27315677570843,38778895
2021-12-21,167.3204345703125,169.6432288894266,166.17872041653217,168.50151473564628,20142586
2021-12-22,166.92672729492188,168.65898143042014,166.2180767415507,168.50150491604217,17903428
2021-12-23,171.0998992919922,172.00539237268066,167.87159954077234,168.42277358200553,23065082
2021-12-24,171.6510772705078,173.5801739817325,170.43061865444832,171.6510772705078,17220191
2021-12-27,171.29673767089844,172.00538820999964,169.80070457576272,171.96602220153298,8467106
2021-12-28,173.26519775390625,173.6982612415112,171.6510542959858,171.6510542959858,12014352
2021-12-29,170.66683959960938,173.46207587814067,170.3125080748343,173.22585486162396,11923119
2021-12-30,170.07626342773438,171.57230886224323,169.68257842469333,170.54870539512615,10116360
2021-12-31,171.6904296875,172.28096970494306,170.1943841629497,170.7849366577326,7875890
2022-01-03,172.51719665527344,173.1077366930921,170.9030405760728,171.6904356113912,8064567
2022-01-04,173.42266845703125,174.5643823841462,172.47780950328433,172.83212849160475,9398805
2022-01-05,173.65890502929688,174.40692155418895,172.1628595021728,172.95025451167805,11663111
2022-01-06,172.20223999023438,173.5407965491586,171.80854248090134,172.43844851396216,9295303
2022-01-07,171.9660186767578,173.73765122686788,171.25736815218178,173.06836670995165,9196075
2022-01-10,175.82423400878906,176.92658210275536,172.35972568757003,173.14710827087404,16451394
2022-01-11,174.76126098632812,176.57225960854288,174.1707209410569,175.86360905874932,8329596
2022-01-12,175.3911590576172,176.09980957515606,174.48566602639414,175.194316543933,13665682
2022-01-13,176.33602905273438,177.79270855985848,175.39115754505113,176.296663045805,11944029
2022-01-14,175.27305603027344,177.0053100287112,175.03683503872665,176.33602553755497,10976796
2022-01-17,176.84783935546875,177.63522189101,174.28882427961491,175.2730618070464,12792728
2022-01-18,173.81639099121094,178.97379988614793,173.4620719517968,176.84784821764137,14948456
2022-01-19,173.50143432617188,175.11557792910602,172.2022437466385,173.81638734957264,11915686
2022-01-20,172.24159240722656,174.91871779117625,171.65105242849364,173.65889334712116,17997322
2022-01-21,170.90304565429688,173.61954987272554,170.0762845858482,172.04477223263598,17225050
2022-01-24,166.76925659179688,171.45422360915106,166.06060601373204,170.90304955095164,18023332
2022-01-25,168.73773193359375,169.05268497356252,164.99762403260675,166.92673323776202,19028606
2022-01-27,168.9739532470703,169.68260382690696,166.21808294918284,166.33619345871244,24041247
2022-01-28,171.33612060546875,172.635323786618,169.36764530490862,169.36764530490862,15865353
2022-01-31,173.38331604003906,173.81637954711036,170.94241150224272,172.04475951200226,15618203
2022-02-01,179.32810974121094,180.15487076062183,172.55655755632915,174.01323708081785,44871108
2022-02-02,182.79263305664062,183.69813858171662,180.31234996135345,181.0997449851291,42714702
2022-02-03,184.6036376953125,185.19417774387864,182.51705204335036,182.7926390629933,28918394
2022-02-04,184.4855194091797,187.79256350541536,182.3202018299825,186.80832597353665,58889867
2022-02-07,181.25721740722656,184.83984846407847,179.91866086979937,184.24930844823294,25101983
2022-02-08,182.083984375,182.91074541515704,180.35173027791294,181.3359678289561,16825239
2022-02-09,181.21786499023438,183.46192720060864,180.11551689007288,182.9107531505279,12351873
2022-02-10,182.87136840820312,183.77686141067338,179.32810345568086,180.07613243407573,20317032
2022-02-11,183.02883911132812,183.69812357914313,180.94225369833958,182.6745076363652,18793513
2022-02-14,176.94305419921875,182.22433760999692,176.17707121061332,182.22433760999692,23621214
2022-02-15,179.805419921875,180.20857355135138,176.21737434048643,178.1928181809996,13371177
2022-02-16,179.60382080078125,181.17611087246988,178.87814944285026,180.4504395145389,11664158
2022-02-17,179.523193359375,180.89390021216605,178.0718506789946,179.8457111156754,14564261
2022-02-18,178.91848754882812,180.16824717571552,178.59595698273242,179.52321159758395,9004891
2022-02-21,175.77391052246094,178.43470149865473,175.08855062482428,177.6284070105794,16750193
2022-02-22,173.23403930664062,174.8869652254956,171.74238504862487,173.3549866637555,26741024
2022-02-23,174.12095642089844,175.37072864743408,173.39528510998088,174.80631620816172,11438476
2022-02-24,168.11399841308594,171.98424956355447,166.90455051851418,169.32345908468548,42933709
2022-02-25,172.50839233398438,174.56445936458186,169.76696536751078,170.53294836817767,24543858
2022-02-28,174.04034423828125,174.5241208834173,169.96850956119445,171.90364169579644,20806226
2022-03-02,173.5968780517578,174.6450671649544,171.29891664169264,172.87119392297308,20039140
2022-03-03,176.90272521972656,177.54776077240024,174.1612857897752,174.20161009458937,29631546
2022-03-04,181.82115173339844,183.35311743906755,174.96757925141762,175.53199170414678,69409780
2022-03-07,181.37770080566406,183.03061399137795,177.46713763260496,178.99910345799256,47001716
2022-03-08,182.94998168945312,184.19974120325904,180.41012558205549,180.531072936269,37424203
2022-03-09,184.8448028564453,186.5783519123669,182.30494656552446,183.5950304753054,43923809
2022-03-10,187.06211853027344,187.46527212609863,183.71596796127955,186.25582411565208,37523806
2022-03-11,190.56956481933594,191.17428890090787,185.57048770941546,186.98151908443702,43305144
2022-03-14,192.70626831054688,193.0690976499259,189.72294664695747,190.48892963444814,36465969
2022-03-15,191.77899169921875,194.6413656631645,190.20670159540308,192.70624626148398,34269168
2022-03-16,195.60891723632812,195.9314349831692,192.786855008898,193.51252632780455,22462538
2022-03-17,197.46340942382812,197.86656298768128,195.6895362982799,197.74561564082254,35541798
2022-03-21,197.14089965820312,199.76139171057582,196.5764999418318,198.2697246450044,29052540
2022-03-22,201.37400817871094,202.18031545063138,196.37493120227074,197.1812384741912,38368305
2022-03-23,203.18817138671875,204.55887826971855,200.36610901432374,202.74469349074622,42051087
2022-03-24,205.4861602783203,206.81655581298642,202.74472059181227,203.14787423847702,39712133
2022-03-25,204.2766571044922,206.21178909758567,200.97081832856648,205.84894705749517,30412482
2022-03-28,207.25999450683594,208.0259773936977,203.63163770455793,204.80077418656813,25876007
2022-03-29,205.28456115722656,207.62283423882658,204.5992012887139,207.26000492886845,18820674
2022-03-30,200.93051147460938,206.7358820347403,200.48704637776763,205.6876929673896,18281803
2022-03-31,202.0996551513672,205.08297636394835,201.1724134002152,201.25303645143083,26644916
2022-04-01,204.2363739013672,205.88928713001454,200.60801688248176,201.57557023616474,14856664
2022-04-04,205.96994018554688,207.94538414094924,202.4625302368793,204.0751320715415,16520039
2022-04-05,209.19512939453125,211.13026168398704,205.68771968830882,206.45370263199385,28230046
2022-04-06,209.31607055664062,212.33970348940832,207.46157415796623,207.62283304780362,20352716
2022-04-07,206.93748474121094,211.41246043318327,206.2521248806672,208.02598543545855,16679649
2022-04-08,215.92776489257812,216.77437088247606,206.4133880353562,208.02598973458663,39283623
2022-04-11,215.68585205078125,220.24145051021586,214.47640407219458,216.6937296252797,47924937
2022-04-12,213.50885009765625,216.6131317873587,212.13814308084844,215.2020876863866,24460888
2022-04-13,217.33877563476562,218.18538159443972,212.58159376450095,213.9119891605937,22239115
2022-04-18,217.7822723388672,219.71740481102097,215.48432329086017,216.08903461999043,25339139
2022-04-19,210.8883514404297,219.71736790467094,208.67102583127604,219.3142015322425,24280577
2022-04-20,209.2757568359375,214.03293875590498,207.66315517742856,211.97687196073184,25454589
2022-04-21,209.96112060546875,213.2266355111114,209.31607226382857,209.3967080979197,24313956
2022-04-22,210.52552795410156,212.05749377102563,208.46944839397293,209.6385849089521,16274820
2022-04-25,205.80865478515625,208.83228762728925,203.59131636804125,208.67102874228564,25140992
2022-04-26,208.79197692871094,210.2029953723481,206.61495002995184,206.89715627408512,21327644
2022-04-27,207.62286376953125,208.4291711150562,206.21184508040974,206.57467444197397,17219401
2022-04-28,210.52552795410156,212.62190626474379,208.14693061957095,209.23544407946432,28999835
2022-04-29,209.2757568359375,212.0574950162911,208.42913809038868,212.0574950162911,21206335
2022-05-02,212.17845153808594,213.26696505137113,207.26001051760238,208.02599346363607,19696250
2022-05-04,209.43702697753906,214.51672694674448,208.5097851266085,212.86381367164174,26951488
2022-05-05,211.29153442382812,213.83139092878088,209.96113887329463,211.25122289179004,18623544
2022-05-06,215.00050354003906,215.5649160336017,208.7516545833183,208.83229041541125,35818441
2022-05-09,212.01718139648438,214.59736191248055,210.08206198077386,214.59736191248055,22228031
2022-05-10,209.43702697753906,215.12146378107974,208.9129259801252,211.25121192648461,18727774
2022-05-11,206.1311492919922,211.41243148220852,202.98656944673445,208.8322640592805,18012072
2022-05-12,203.91384887695312,206.73589855721096,200.89021600572949,205.60707357429612,20816708
2022-05-13,208.509765625,210.32393762723868,205.2039266069546,205.56675589659076,12380764
2022-05-16,204.8813934326172,209.5982635764521,203.99446320598744,209.5982635764521,8502159
2022-05-17,213.42822265625,214.0732582327937,205.4458243458276,205.60708323996352,18483427
2022-05-18,215.12144470214844,215.92775189173136,212.1784349594968,214.47640917210526,20978307
2022-05-19,222.2572021484375,225.15988747281762,211.7349614590454,211.7349614590454,81302807
2022-05-20,225.76461791992188,227.65942563276792,223.34569651450448,223.34569651450448,33617466
2022-05-23,221.3299560546875,226.12747488133505,220.16083235255715,225.76463281347753,22535903
2022-05-24,218.38697814941406,221.73312880083532,217.70161829733135,221.73312880083532,16146766
2022-05-25,219.87863159179688,220.846210519746,218.10477096263685,220.0802275711596,15877459
2022-05-26,220.28395080566406,221.56416891010562,217.92994734473876,221.56416891010562,19129574
2022-05-27,222.34884643554688,223.58778318265777,218.9210970032313,222.18364265327773,13986762
2022-05-30,222.22496032714844,223.83558602533859,221.02730483788181,223.42258963929734,12274291
2022-05-31,223.5464630126953,226.72640659123277,220.03613806547608,222.22493753796832,24102167
2022-06-01,224.5376434326172,226.39603544320983,223.1747842317455,223.5464731047105,15265925
2022-06-02,225.9004669189453,226.6851259439993,221.23376790201527,223.58777115429237,14789457
2022-06-03,225.2397003173828,227.71760010090682,224.3311449165593,227.13942610246298,12968807
2022-06-06,226.9742431640625,227.80020983444925,222.76184717534625,224.99195456767845,11345943
2022-06-07,226.2308807373047,227.13943617843194,224.8680475756138,225.6527067132129,11245578
2022-06-08,221.2751007080078,226.64384438903687,219.87096009350418,226.27215548923564,14915091
2022-06-09,223.711669921875,224.41374015658437,219.4992616021764,221.19248904538387,10239939
2022-06-10,223.1334991455078,223.83556939019513,221.9771512339188,222.2249438117044,8693455
2022-06-13,218.59071350097656,222.26622930546105,217.22786738607,220.0361484176604,11519902
2022-06-14,219.25148010253906,220.90340014110433,217.26917867397242,217.39306187880416,7708043
2022-06-15,217.55828857421875,220.7795270988101,217.26920155538315,219.70579401250606,5254329
2022-06-16,215.32815551757812,221.27508589641178,214.33701136157097,220.53170814656917,14843837
2022-06-17,217.4756622314453,218.17773249664828,213.55234071513075,213.9240295926705,17296080
2022-06-20,218.1364288330078,219.82965627786217,215.86502744001368,217.4756529971805,17738981
2022-06-21,222.92703247070312,223.71169158042846,218.13644973962886,218.87981444583153,14417711
2022-06-22,219.12759399414062,223.25741391534424,218.79721258878322,220.53172151118915,11756920
2022-06-23,219.2927703857422,220.73821838910845,216.73229502848073,219.2927703857422,9416459
2022-06-24,219.5818634033203,221.64677983019354,219.04499691203588,219.78836159028685,7283228
2022-06-27,222.9683074951172,223.54648148235842,220.1187450498274,220.5317152505209,8487729
2022-06-28,224.5376434326172,224.86802481621402,221.81195120798998,222.10105127933483,11673046
2022-06-29,226.35475158691406,227.13941063627712,222.30753387338697,222.3901226740789,16635367
2022-06-30,225.9004669189453,226.8916110278901,224.66150406137047,226.27212959910267,20003893
2022-07-01,234.86216735839844,235.39903385180315,224.00075795552715,225.900483693465,36520000
2022-07-04,241.09817504882812,242.2545230953778,235.2338460062172,235.93591633284515,41417701
2022-07-05,236.9683837890625,242.00674653577872,236.01854696986493,242.00674653577872,19283789
2022-07-06,238.95065307617188,239.52882702764057,235.64681314368588,236.30757589475996,18997440
2022-07-07,241.1394805908203,242.13062483250513,238.28991799099774,240.35482146068003,14326277
2022-07-08,242.0480194091797,243.20436736699975,239.85921978738577,241.92412311533346,11538313
2022-07-11,243.65867614746094,245.26930199589077,241.22208362701988,242.0067428034385,12828405
2022-07-12,241.75894165039062,243.94771506014015,240.27218614796118,242.00670805701247,14616684
2022-07-13,242.87399291992188,243.49344822974726,241.7589524205421,242.00671883820172,9634877
2022-07-14,240.23092651367188,244.77370370175507,238.82678586385754,243.08048912957122,13930984
2022-07-15,242.4609832763672,242.83267214820577,239.11586196116835,241.18076523522785,11450042
2022-07-18,243.90643310546875,244.73239965671624,242.62618887760257,243.65864052238285,11751684
2022-07-19,243.3282928466797,244.15425951235213,241.75897450588607,243.65867427752468,9542292
2022-07-20,246.3017578125,247.3755171213557,242.5023320009189,243.57609130977463,16397373
2022-07-21,247.416748046875,249.60554753792005,246.13650387168468,246.96247038894765,16660697
2022-07-22,248.2427520751953,249.8533778652436,246.21915605267074,247.7884743486237,10351425
2022-07-25,248.697021484375,250.22505841224836,246.79732183055046,246.96249944716914,11050533
2022-07-26,249.8120880126953,250.88584734092868,248.16018078901445,248.61445854766683,10114261
2022-07-27,251.21615600585938,251.91822618894744,248.28400517259828,250.14239698870463,9706094
2022-07-28,250.6380157470703,252.08346379233228,249.7707678616067,251.83567120302354,11256515
2022-07-29,250.30760192871094,252.66160504508807,248.90346155593252,251.91822737345942,17584873
2022-08-01,253.983154296875,255.0569134199065,250.34893292217774,251.0922844864949,16501510
2022-08-02,256.0068054199219,261.54075365655035,254.561383290814,256.0481129179702,40483892
2022-08-03,254.52008056640625,256.791495636351,250.8032695173663,256.791495636351,18376724
2022-08-04,255.63514709472656,256.33721751103513,253.69413966374728,254.3961839029337,16514348
2022-08-05,256.7501220703125,257.53478110618533,255.30470028603258,255.63508166023612,10477269
2022-08-08,258.6498107910156,259.3105996891377,256.0893487028322,256.83270021968724,8627072
2022-08-10,257.03924560546875,259.4345568410696,256.66758284839733,258.64987147651317,9267241
2022-08-11,252.9507293701172,258.89764722100864,252.1660702338355,258.5259583110482,11305242
2022-08-12,254.85043334960938,255.55250368787003,251.5053116350064,252.95073362858352,6669853
2022-08-16,256.50238037109375,257.28703956259903,254.85044699530948,254.85044699530948,8941455
2022-08-17,258.154296875,258.7324709010254,256.8740525190067,257.4522265450321,8283028
2022-08-18,260.71478271484375,261.00388284225824,258.1956012713577,258.5259827190305,10264507
2022-08-19,257.6999816894531,261.1277178536069,257.03919277211645,261.1277178536069,10823811
2022-08-22,259.6822814941406,261.8297997613308,256.87402663436967,257.03920423823575,11793184
2022-08-23,260.9212646484375,261.003853456777,257.7826019832349,258.4846722969165,9698555
2022-08-24,259.4345703125,263.85345172472415,258.5672960876847,260.7974036315165,11783894
2022-08-25,257.9891052246094,261.3342532343233,257.36964985284914,260.5495940571549,8057930
2022-08-26,258.443359375,260.5082627799378,257.7000077613236,259.9713962713317,7224507
2022-08-29,258.9802551269531,260.13657696446035,255.09821469092915,256.0480775980396,11798961
2022-08-30,264.7206726074219,265.4640241874967,259.5583881513092,259.5583881513092,18516092
2022-09-01,262.3253479003906,265.87698036201425,261.00382241565404,263.89469213490935,13765474
2022-09-02,266.9094543457031,267.8180359140448,262.6970587884709,263.2339252895259,26750910
2022-09-05,271.6174011230469,272.2368825291938,267.4050060925905,268.4374576514259,18144801
2022-09-06,270.2132873535156,272.5672643466169,269.59380594632364,272.5672643466169,12431779
2022-09-07,269.3460693359375,271.1631802716919,268.64399898764697,269.2634805235267,8397233
2022-09-08,272.4847106933594,273.06288468893354,270.5023961118026,271.7413329088565,11331350
2022-09-09,272.98028564453125,275.2929553629705,272.56728927625824,273.0628744473392,9770432
2022-09-12,273.3106689453125,274.54960570456757,272.5672911834894,274.2192243139073,9048240
2022-09-13,276.2015075683594,276.697066509693,273.0628454467155,273.9714007124599,10925371
2022-09-14,276.9861755371094,280.0009152997951,273.35192817916004,273.3932356660749,12739464
2022-09-15,275.9537353515625,278.39032746072826,274.9625650416018,277.8534348171276,8742900
2022-09-16,273.64105224609375,276.3667183709045,272.3195004971111,274.508300130491,12973988
2022-09-19,277.19268798828125,278.2664471600607,271.8239444836186,271.8239444836186,14918717
2022-09-20,277.5230407714844,280.4964992114063,276.6970742765917,279.7944289996032,9892945
2022-09-21,281.611572265625,285.1219237320476,277.1101027736864,277.5230729805043,21800547
2022-09-22,284.998046875,288.0540946744189,281.57031015782064,281.6528989693943,25111230
2022-09-23,286.113037109375,288.7148328987913,283.5525749841519,287.02159240818236,23718397
2022-09-26,274.71478271484375,285.7413423569742,274.0127125116955,284.8327870769269,16829922
2022-09-27,276.5732116699219,280.45525205089524,275.87114137263256,276.6971079680975,10375837
2022-09-28,268.39617919921875,275.29293264978725,267.85928658247207,274.17789228396856,16151900
2022-09-29,275.08648681640625,276.6145237344205,270.70888734748166,271.74133906460094,18985406
2022-09-30,274.3843994140625,277.31657676720016,272.6911849859782,275.08646967922056,12906555
2022-10-03,267.9419250488281,275.045217248957,266.99208827603354,274.9626022605337,9462192
2022-10-04,274.9212951660156,275.8711318497507,270.91538480226563,271.49355878142114,9142294
2022-10-06,278.0599365234375,280.2487361859203,274.673507567667,276.6971034429115,23091432
2022-10-07,275.9537353515625,278.2251236833629,273.6410395311418,278.18381619474263,10910698
2022-10-10,270.7914733886719,273.76493192198603,269.3047441220148,272.56727654020784,9750594
2022-10-11,269.5112609863281,272.93899758370264,268.52009057360976,271.7413420607075,11018577
2022-10-12,272.6498718261719,273.7649384355314,268.23099140909665,270.87406863238516,10735673
2022-10-13,271.4522399902344,273.6410395218355,270.91537352376776,272.5259991002834,7546587
2022-10-14,274.3017883300781,275.7885175422597,273.26933676114334,274.46699209903807,6672357
2022-10-17,274.42572021484375,276.49062362060135,272.2369205105713,273.47585731860227,7195922
2022-10-18,281.07470703125,281.65288102967787,275.49947832843105,275.82985973080156,21691854
2022-10-19,286.0717468261719,286.9803020964805,280.66169651298895,283.38736232391483,16923690
2022-10-20,288.8387451171875,289.8711967570723,284.79152735924646,286.60863805710517,19186222
2022-10-21,285.4522705078125,291.729568717296,284.543715221326,291.729568717296,28426343
2022-10-24,287.18682861328125,288.83876180337546,286.60865461446,288.2192803128107,3292671
2022-10-25,286.03045654296875,288.6735337184043,283.8416570300089,288.63222623013723,17906260
2022-10-27,285.61749267578125,287.72367725871584,284.00686707741687,286.3195367520154,19273344
2022-10-28,285.61749267578125,287.93016235037976,285.0393187128526,287.0629144945448,13572499
2022-10-31,288.0128173828125,289.4995468975155,284.7502582431789,287.4346433394769,14358449
2022-11-01,288.673583984375,289.4995506537312,286.7738842042639,288.467098861316,20422565
2022-11-02,292.92724609375,294.24877163638735,287.8475766628655,287.8475766628655,17427813
2022-11-03,292.1426086425781,296.1072117408969,291.56443463062345,292.3904012444327,11149636
2022-11-04,292.0599670410156,294.0422814980806,291.15141170175997,292.39037459812306,8709851
2022-11-07,291.97735595703125,294.33135910335125,289.08648638133735,293.21629258172464,10437370
2022-11-09,297.92431640625,298.54379789803886,291.72960619683226,291.9773987935478,21404869
2022-11-10,294.0422668457031,297.2635178614976,292.47294882466497,296.5201663378375,20071989
2022-11-11,294.3313903808594,298.1308156302202,292.92724984100755,297.3461303799853,11372654
2022-11-14,286.7738342285156,294.82693586425324,286.27824907784293,294.33137689069605,18319254
2022-11-15,285.1632385253906,288.2192861946013,280.12485004591844,288.2192861946013,16046491
2022-11-16,284.21337890625,286.48476748246463,282.1897567570709,285.5349045589136,7897812
2022-11-17,283.88299560546875,286.98035078256225,282.97444018102414,284.21337701643785,10379179
2022-11-18,281.6941833496094,284.7502308982674,280.6617316697377,283.8829830051067,8140173
2022-11-21,278.51422119140625,280.8269172079522,276.20155135197825,280.0835655895584,9553090
2022-11-22,281.03338623046875,281.6528676912749,277.27526850722194,278.3490276469138,6746019
2022-11-23,280.6617431640625,282.4788540067165,278.7620173361109,282.4788540067165,8067471
2022-11-24,281.4463806152344,282.8918024441172,278.80330336293036,280.6617215551485,8454385
2022-11-25,281.07470703125,282.39625881784985,279.00980363359594,281.65288102967787,7200274
2022-11-28,280.8681945800781,282.27233503627656,279.79443549408256,280.8268870923846,10284123
2022-11-29,282.7266540527344,284.95673517212254,280.82692817476186,280.82692817476186,10582296
2022-11-30,280.8268737792969,284.254609781908,280.0009073043886,281.85932532865377,23425220
2022-12-01,280.45526123046875,282.2310646005803,278.1838464743152,282.2310646005803,17270904
2022-12-02,278.4729309082031,281.4876971310472,278.14254951321044,280.29004166922135,8711914
2022-12-05,278.1425476074219,279.87706955208654,275.99502928900836,278.88589919678276,10090597
2022-12-06,278.5968322753906,279.34018388337773,275.9537548902143,275.9537548902143,6571118
2022-12-07,280.9095153808594,282.06583714281305,278.0599268457191,279.5879636603009,10191144
2022-12-08,279.50537109375,282.6027259937334,278.7619933527383,280.9921003986574,6439244
2022-12-09,281.98321533203125,282.8917705810725,279.17496079238924,280.6203824584694,8445424
2022-12-12,283.4700012207031,284.1307902244493,280.9095387232414,281.65289035891783,11646572
2022-12-13,285.4522705078125,285.7826518686154,282.8091934442751,284.543715221326,11105261
2022-12-14,285.287109375,286.8977351103185,283.9242762415949,285.7826945788267,7664099
2022-12-15,279.8770751953125,285.86527405280185,279.17500490518864,284.7502335577192,8469001
2022-12-16,276.7796936035156,279.9183296855148,273.64103134440154,278.76198180989985,12907968
2022-12-19,281.2398986816406,282.7679093295101,276.9861957719093,278.1838250316687,8113695
2022-12-20,280.9508056640625,281.6115684568815,278.1425507060231,280.86821685923945,5693354
2022-12-21,276.821044921875,281.8594078639223,276.28417833567835,281.65292272900984,7316532
2022-12-22,274.59088134765625,278.67938003214726,272.48467077722,277.23395834350976,6838031
2022-12-23,269.8415832519531,274.13659301903834,268.7265429591678,273.3106265818551,10461859
2022-12-26,276.36676025390625,276.77975669054103,268.8505235263316,269.6764640453593,9934633
2022-12-27,275.1690673828125,277.8534258052888,272.6911678653941,277.19266307148985,6986433
2022-12-28,276.2015075683594,276.697066509693,273.80619694727284,274.9212634637795,8035558
2022-12-29,276.9861755371094,277.3165569010839,273.8475133136792,276.1602090386157,8417520
2022-12-30,273.8475341796875,278.1425445928473,272.9802863053131,277.02747795521594,7228324
2023-01-02,274.9212951660156,275.8711318497507,272.2782178580357,273.31066952244794,6181118
2023-01-03,273.4758605957031,275.3342789185782,272.7737902880784,273.8062420033292,6228015
2023-01-04,270.0894470214844,274.6322243582212,269.2634803664996,274.09535781218494,6947412
2023-01-05,275.4168395996094,275.7885284616498,271.08054807381785,271.45223693585825,8486143
2023-01-06,276.7384033203125,278.80330662983584,275.1277776917996,276.4493032448786,8603181
2023-01-09,279.21630859375,281.90069367244115,277.64699027661214,278.30775312834186,11027747
2023-01-10,275.3755798339844,279.5053865963529,274.67350954312764,279.09239021384553,7217255
2023-01-11,274.0540466308594,276.779739173355,273.6410763974821,276.779739173355,4760847
2023-01-12,272.4433898925781,275.5407448224612,270.9979680628125,275.3755672187192,6894087
2023-01-13,271.53485107421875,274.4257210868893,269.5938439608081,272.4434064814698,14967746
2023-01-16,272.73248291015625,274.3843897904284,270.5436833888196,272.8563791983161,8571826
2023-01-17,274.42572021484375,275.45817191772255,271.82395030026686,272.7325057046308,14240647
2023-01-18,276.40802001953125,277.9773381472333,274.5496018183956,275.87112736233075,13039078
2023-01-19,274.3431701660156,277.2340405779073,273.9301737202474,275.87118110170576,8667564
2023-01-20,276.36676025390625,276.86234550701965,271.94787900404833,274.21926778561647,13608325
2023-01-23,278.9684753417969,279.2988828966497,275.08646143199167,277.52305354205777,7399204
2023-01-24,279.9596862792969,281.4464157834227,278.8446456954824,279.0098233197633,12776694
2023-01-25,280.20745849609375,281.652880400375,276.90359212553494,279.9183584089669,12978859
2023-01-27,285.78265380859375,288.1366570138262,282.0658176643802,282.313610230943,21850457
2023-01-30,284.7915344238281,290.5319667310704,282.3549422107496,286.52605636311534,14634225
2023-01-31,291.0274963378906,293.2162957418547,281.69415097777846,285.7826497364645,17794183
2023-02-01,298.5024719238281,302.05410451023636,271.8239331250567,291.56441053096563,67003785
2023-02-02,312.7090148925781,317.7473765717263,297.67651865297285,298.66766275838864,57892084
2023-02-03,314.4022521972656,315.7237777677234,307.257679322767,315.4347038656046,23153980
2023-02-06,316.67364501953125,320.6382741400663,313.5349824805341,315.9302934201292,26783409
2023-02-07,308.2901306152344,317.0866104420805,304.3255277315778,317.0866104420805,21438758
2023-02-08,310.1898498535156,311.63527168634687,306.88598364627336,309.5290609057974,10821785
2023-02-09,309.1160888671875,313.86537687881804,307.38156697190806,308.90960377475056,12318006
2023-02-10,306.7207946777344,311.3461600776877,305.85352066847634,307.42286491190487,10674456
2023-02-13,309.07476806640625,309.8594270901421,305.60572442525455,308.0836239591265,10282470
2023-02-14,319.19287109375,320.1840416022268,308.7031490008032,309.7356270061735,30246745
2023-02-15,320.8559875488281,321.401652354578,317.7918145346099,320.4782073266407,12679568
2023-02-16,321.1497802734375,323.4164348691722,319.84855509867435,320.6880577862099,10151755
2023-02-17,321.8633117675781,322.828741055192,318.3794013713562,319.8904953577429,7967611
2023-02-20,322.4090270996094,325.30531541730335,320.1004146198072,322.9547184901907,8105569
2023-02-21,320.8979187011719,323.9620914605294,320.4361962256067,323.20655768511017,8577674
2023-02-22,322.2411193847656,323.12257986608466,319.0090621451135,320.6880408252716,9306194
2023-02-23,325.38922119140625,330.7620059629958,321.6114727530318,322.74481324821056,19555814
2023-02-24,323.2904968261719,326.5645385687466,319.84854390951875,326.5645385687466,13407431
2023-02-27,320.8559875488281,324.7176788502545,317.4140343124225,323.2905268594006,8455904
2023-02-28,316.23870849609375,322.57692300974134,314.8115832345855,321.1078133029105,16997837
2023-03-01,317.91766357421875,319.34481521626765,313.63623525418024,314.1818999265662,8065784
2023-03-02,315.2732849121094,318.7991532971468,314.5597090253691,318.58928429660216,5212922
2023-03-03,323.16455078125,323.5423309457619,315.73500724306933,316.49054096598246,8495772
2023-03-06,325.8509521484375,329.50277396052957,323.41641314241326,323.9620778799033,11126980
2023-03-08,329.4187927246094,330.0484263258889,323.29047429863346,325.72501321339706,9261146
2023-03-09,325.3052673339844,330.4261984799356,323.7521888925352,329.16695791400014,10005328
2023-03-10,325.72503662109375,327.57192650942363,321.9472879541555,324.84357612206804,8684320
2023-03-13,322.0732116699219,328.15957264032426,321.1078088957629,326.732420792291,9130473
2023-03-14,318.7571716308594,324.42376725249073,316.6584285700909,323.7941602979254,10623744
2023-03-15,318.50537109375,322.61891562561215,317.3300726560751,319.84855410474245,8748113
2023-03-16,320.2262878417969,320.9818481304396,316.3645973363221,319.5127119934485,16315136
2023-03-17,315.2732849121094,323.2065353391372,310.3202381474808,323.2065353391372,50787703
2023-03-20,318.0016174316406,318.46333984958386,312.29303726156525,313.38439325220804,10512002
2023-03-21,316.4485778808594,318.00165648015326,314.0140387776578,318.00165648015326,12057999
2023-03-22,317.1202087402344,318.04365372668224,314.13997815169614,316.4485906178158,4958761
2023-03-23,319.55474853515625,321.31769622331774,314.3078899178114,316.490575652915,10127917
2023-03-24,317.91766357421875,321.5275005119195,317.3300144631462,320.2682600185091,10317108
2023-03-27,319.17694091796875,322.70283599148394,315.9448837369688,317.2880666567205,11232922
2023-03-28,318.7991638183594,320.9818759931685,317.45598088565663,319.17694399547383,9523719
2023-03-29,321.3176574707031,322.36702906761235,316.61646420259467,319.1769298348087,10551626
2023-03-31,321.9472351074219,322.78673762961864,319.00901618889503,320.6879946271807,9877493
2023-04-03,318.0855712890625,322.3670265271102,317.7497755734311,322.3670265271102,7331070
2023-04-05,324.3818664550781,324.9275312328671,318.0856095595966,318.0856095595966,12055499
2023-04-06,325.17938232421875,327.65587933261986,322.53494752985904,324.59173310392913,13394394
2023-04-10,326.1867370605469,327.4040198262392,322.9966378104752,325.1793499002608,7044256
2023-04-11,332.4410095214844,334.2039571512757,325.72504135609034,326.18676383488474,18939829
2023-04-12,330.38421630859375,333.95209564371703,329.1669601754004,333.9101112023239,10122932
2023-04-13,332.1051940917969,332.9446967142466,330.51015773342004,332.02125181138524,6292395
2023-04-17,335.92498779296875,337.47803998899025,329.83862593698495,329.83862593698495,11466474
2023-04-18,334.53973388671875,337.47797976938756,333.2804932530353,335.7990011265133,9860308
2023-04-19,334.7496337890625,336.93231935583754,332.4409948905821,332.4829793344839,10119480
2023-04-20,336.0508728027344,338.0236894439417,333.8681605394353,335.7990193411143,6924577
2023-04-21,342.7248229980469,343.35445659053994,335.00146836475506,336.05083994817016,14801099
2023-04-24,343.1025695800781,344.1939254982375,339.324821607002,344.1939254982375,6212135
2023-04-25,345.4952087402344,347.17418742929436,342.0112714224472,343.1026275249201,9180650
2023-04-26,346.08282470703125,346.712431677691,343.3964324563322,345.87292911070205,7914219
2023-04-27,349.2309875488281,350.40628598350224,345.03350074102445,346.04088799669665,13100076
2023-04-28,357.2481384277344,359.51476613463143,347.30008736382564,350.9099245244589,13208557
2023-05-02,356.32470703125,358.4654081012991,353.59633018552336,357.6259320928701,10648421
2023-05-03,358.59136962890625,359.72471024128765,354.30994046713886,355.94696141224307,7607609
2023-05-04,356.45062255859375,358.46539684287774,355.9469156844678,357.0382717097041,8292456
2023-05-05,359.9345397949219,362.57894772161086,356.2407602648026,357.58394314626037,12890455
2023-05-08,362.2012023925781,363.88020776198437,360.43828134264857,361.82344879965785,7522610
2023-05-09,355.77899169921875,363.62829937621586,353.848159761522,363.3344881143071,10377820
2023-05-10,357.0802307128906,357.9197333038093,354.4358228273012,355.9049324068264,10130159
2023-05-11,352.92474365234375,358.80123542986723,351.66550301604906,358.67530870562666,16597954
2023-05-12,352.9667053222656,354.855552851783,349.2728993263859,352.92472088152385,11564770
2023-05-15,359.13702392578125,359.89255764989645,351.79142265487985,352.5889408216,9503538
2023-05-16,355.90496826171875,360.9839421544759,355.52721467294293,360.9839421544759,8302077
2023-05-17,358.9690856933594,360.1023994971298,354.7715995693563,356.0728245247746,9844782
2023-05-18,352.33709716796875,363.040682567462,350.99391424061633,360.9839237326619,24919291
2023-05-19,352.4630126953125,355.19138951321884,345.327280453651,353.38645758005697,26759905
2023-05-22,356.57659912109375,357.41607522050305,351.83342080764004,354.22600218807486,16015615
2023-05-23,360.2703552246094,361.99131836291735,356.11485302589,357.6259471532527,9068926
2023-05-24,363.9221496582031,364.9715212398601,358.4653961486987,359.5567521718216,11921823
2023-05-25,370.3442687988281,371.43559810661037,365.0134425411715,366.8183742518995,18905572
2023-05-26,372.40106201171875,373.3664913098744,368.95913601863043,372.233150853127,13496209
2023-05-29,377.018310546875,379.2849650000539,372.8208239793013,373.57638433239805,20589822
2023-05-30,386.1734313964844,387.5038840272775,378.5340810421522,378.5340810421522,19627897
2023-05-31,382.3966369628906,387.97595767203387,379.7786593147629,385.6583907555271,14821960
2023-06-01,377.418212890625,383.6842103628602,376.8173641905987,383.6842103628602,9142172
2023-06-02,380.59405517578125,381.8816073437337,377.5039843801395,377.67566707044057,9558309
2023-06-05,378.2336730957031,383.5554840410403,377.76157959607434,381.9675208133215,7427630
2023-06-06,380.0791320800781,380.76580856133046,378.01907543259387,378.36241367322003,6703067
2023-06-07,381.06622314453125,382.5254037767352,380.036181282122,381.109123419648,7833952
2023-06-08,380.1649475097656,382.61126980001274,379.30658833417493,382.568342319929,7294955
2023-06-09,376.3452453613281,381.70995582008555,373.51268476799805,373.51268476799805,7329661
2023-06-12,375.0577697753906,378.491179481239,372.3968643315873,377.6757477365194,9054977
2023-06-13,382.310791015625,383.1691500995419,376.21647688465555,378.53404369085877,16732376
2023-06-14,381.538330078125,384.3279634120257,380.8945538913721,383.0404382422464,9039402
2023-06-15,384.6283874511719,385.1863086570211,381.7528992605887,381.9674822471672,7787525
2023-06-16,388.920166015625,391.0660503441356,384.4567146426835,385.40090157093005,12181426
2023-06-19,389.3493347167969,391.32356354688983,388.19056478835836,390.3364491318434,4350517
2023-06-20,388.70556640625,390.37932999535724,386.3879994608957,390.37932999535724,4644353
2023-06-21,383.72711181640625,389.8643540714859,382.01042067086826,387.975980209531,6292873
2023-06-22,384.24212646484375,385.95884478597384,382.697090857317,384.5425372089923,6892713
2023-06-23,381.7528991699219,384.24212166183725,379.99328059518047,384.11336642917564,6325479
2023-06-26,382.5683288574219,387.4609460620195,381.10912103063964,383.5983435096489,5688287
2023-06-27,382.0533142089844,383.8558602828028,380.3795233692762,382.9116733684778,5052984
2023-06-28,385.7013244628906,386.7742665852522,381.5383112044259,381.9674771718805,12548096
2023-06-30,387.63262939453125,387.93304013384915,383.34083366071934,386.2592493189664,9456776
2023-07-03,397.6324157714844,399.94995536276974,386.30214664819135,387.6325991412775,11111199
2023-07-04,400.2933654785156,401.7096731766668,394.67117098382835,399.1345954746655,8022597
2023-07-05,407.8039245605469,412.5678138010311,398.53371095448574,400.29332954380067,16878943
2023-07-06,406.7738952636719,409.7781386030594,403.8555068794989,409.73521112545217,9835812
2023-07-07,402.052978515625,408.147293213273,401.3662748624045,406.0014089058079,7605499
2023-07-10,399.86419677734375,404.19889319750484,398.0187230764531,403.4263617309754,6772454
2023-07-11,406.1301574707031,407.3318276357208,399.9929153943561,399.9929153943561,8783282
2023-07-12,405.4005126953125,410.07851926245405,403.8125497887183,410.07851926245405,12816220
2023-07-13,405.1430358886719,409.220221374186,404.28467675429124,406.7738992013875,8214385
2023-07-14,405.9155578613281,407.718103961429,404.58510522527325,406.00141282113736,5277090
2023-07-17,405.4434509277344,408.4047668496178,403.9413428294161,407.28892444643,6325310
2023-07-18,405.5721740722656,407.03138178038427,404.28464906075277,405.6151015473479,5558415
2023-07-19,411.02276611328125,412.39611896102673,401.7954530539886,405.7867835710082,14401395
2023-07-20,422.4388427734375,423.76929528119314,408.8339341804201,411.92400513868716,21030102
2023-07-21,420.97967529296875,427.2027452802702,418.01835927513474,422.1384452121807,14510084
2023-07-24,404.5850830078125,428.9194404210098,401.8383501304543,423.55470269148583,40477929
2023-07-25,396.8170471191406,402.1388307320241,390.89438757174213,401.62380976171266,45211370
2023-07-26,405.3576354980469,406.0014116761696,396.60241549420846,399.04873776734865,18842179
2023-07-27,399.1775207519531,407.8468863988788,395.78701131769105,407.2031373797317,14528232
2023-07-28,402.0958557128906,402.9542148273559,397.76118707098624,401.45210677983493,10362522
2023-07-31,399.73541259765625,403.16882205833537,397.847038754469,402.5679733624371,8510403
2023-08-01,398.962890625,402.4392002067626,398.10453149712134,399.9929052562195,6686176
2023-08-02,394.9286193847656,398.96290470782736,393.12607331371055,398.7912219947016,10715605
2023-08-03,391.4523010253906,398.0616092694034,389.9501657308603,394.92861065300184,11026824
2023-08-04,390.5080871582031,396.0444804861132,389.9072384807844,391.6668842384768,7097614
2023-08-07,390.4651794433594,391.8814597552039,387.074670427447,389.7785030261726,9513953
2023-08-08,388.2763671875,392.26772486350313,387.1604976084215,392.26772486350313,6638681
2023-08-09,393.68402099609375,394.75696314088793,383.5983485127932,388.2763827929899,10134166
2023-08-10,387.7613525390625,394.24193273120994,385.4008853179906,393.8985945175745,13702317
2023-08-11,385.1863098144531,389.6068336069002,381.75290040770386,389.6068336069002,12028396
2023-08-14,385.5725402832031,387.33215870287023,382.0103759688564,385.1862746192597,7854074
2023-08-16,386.4738464355469,392.61108871575766,384.71422780276777,387.1176226200887,15494896
2023-08-17,378.5340881347656,386.25926638958845,377.6757289500683,386.25926638958845,16896158
2023-08-18,379.09197998046875,380.55118776098124,376.38817460177904,378.53405879533585,20068497
2023-08-21,384.37091064453125,384.9717593818017,378.83451676513033,379.3924652235636,9940689
2023-08-22,389.9072570800781,390.67978850377847,383.6842142287713,385.400905386339,10234488
2023-08-23,386.6455383300781,391.10896263642394,385.0575751730007,391.0660623589204,8770272
2023-08-24,387.0317687988281,389.26348074873505,385.65838876553767,386.7742583423534,6322751
2023-08-25,380.5512390136719,387.11764770661836,379.435369289396,387.03181994435965,9628041
2023-08-28,378.87738037109375,383.55541423659986,378.53404217964237,381.9674512978794,7176903
2023-08-29,377.76153564453125,381.1091172355908,376.9890314639849,380.2078578243325,9845106
2023-08-30,380.0791320800781,381.1091468019567,378.1049031918186,378.5340963953967,7648569
2023-08-31,377.418212890625,381.88166426278127,374.3281416344115,380.25077367486637,20666732
2023-09-01,378.5769958496094,381.967505174474,376.2165284481097,377.6757363703921,11879159
2023-09-04,375.52984619140625,380.5512188793833,374.8002422414889,380.5512188793833,14128562
2023-09-05,380.3366394042969,381.5383368383768,376.388208864281,376.73154710205716,8701612
2023-09-06,384.0704040527344,384.9716905994724,379.3923974380785,381.06618810686894,13358433
2023-09-07,382.7400207519531,385.40089880165283,381.62415111580424,385.22924329069207,8401953
2023-09-08,379.95037841796875,384.4567302500349,379.26370193386344,384.4567302500349,10322317
2023-09-11,383.8558349609375,384.6283663146376,379.9503323271619,382.82582035972797,9679540
2023-09-12,387.2463684082031,389.9501739098533,382.4825063700108,385.3150671054277,14961276
2023-09-13,389.2634582519531,392.26770139765944,387.20340192293696,388.1475887396271,12268130
2023-09-14,386.2163391113281,391.3235667416479,383.81297147813405,391.3235667416479,14986708
2023-09-15,384.84295654296875,388.06178283660665,383.68418669430196,384.5854460868818,15657801
2023-09-18,388.01885986328125,389.6926506435505,382.9974875224736,384.8429610100351,8513132
2023-09-20,388.7914123535156,390.6368587375678,385.8729965971384,387.7184701849169,10343224
2023-09-21,384.1133728027344,389.3064008592601,381.53832251422546,388.66265188899587,11132308
2023-09-22,380.3366394042969,384.88591866135266,379.607035447625,384.1133872235612,7795399
2023-09-25,379.9074401855469,381.79581406526216,376.2594476637083,380.33663337876266,6005673
2023-09-26,379.7786865234375,381.538332376587,377.4182191640011,380.76580094782963,5533023
2023-09-27,385.5296630859375,386.08758431524456,376.6457148790023,379.7786864629706,10894817
2023-09-28,378.31951904296875,386.21635310270807,377.33240458410353,386.21635310270807,10610213
2023-09-29,381.45245361328125,382.48249545401796,376.98902964917204,379.39242433925773,8474326
2023-10-03,377.4611511230469,380.1649567483239,377.0319579229584,378.5340933176777,7770032
2023-10-04,374.328125,379.13491438660606,371.9247303066969,377.46112359689323,13912656
2023-10-05,374.2851867675781,378.1048616803135,373.4268548621111,377.67569572758,10416552
2023-10-06,379.5211486816406,380.76577349254103,374.800214303173,375.8302289301865,8742804
2023-10-09,378.06201171875,380.42247918035736,375.3152785260447,378.49117772859574,5827256
2023-10-10,381.45245361328125,381.8387193035575,378.0619717641228,378.0619717641228,5207891
2023-10-11,384.7571716308594,385.78718636616406,381.7958282598694,383.85588493420624,7946195
2023-10-12,386.8601379394531,388.40517368163955,382.9546347027776,385.95887842473115,12227957
2023-10-13,384.84295654296875,387.8042723805197,383.68418669430196,386.130481619679,7926432
2023-10-16,385.3580017089844,387.11762033136023,382.9975071821044,384.5425428121438,4377288
2023-10-17,389.2205505371094,390.1218371284394,385.4008756015914,386.08755201155043,7203352
2023-10-18,387.675537109375,393.29775834428114,387.11761589494876,389.9072491708059,7160492
2023-10-19,386.6026306152344,390.46523360420406,383.5554865889753,386.0447093493473,9830006
2023-10-20,376.2165222167969,385.40090839355935,375.4010905101237,381.96749884790717,13521824
2023-10-23,374.15643310546875,377.632769829808,371.75306567489804,375.95897908119,7555671
2023-10-25,371.40972900390625,375.9590081702813,366.56003908686273,375.0148212342857,11308597
2023-10-26,372.8260192871094,374.7572933458955,368.705906299922,368.705906299922,19525305
2023-10-27,372.31097412109375,374.928951643101,370.980521622353,372.82599501188975,13638258
2023-10-30,369.47845458984375,375.2294039584859,367.6759084759495,372.99769185716616,7911426
2023-10-31,367.7187805175781,371.9676486039867,367.2896145631058,369.09216053859353,8952141
2023-11-01,367.4613342285156,370.03638462181203,365.22959487034984,369.09219766402157,8297973
2023-11-02,370.0793151855469,371.40974067080435,367.93343077201723,369.135128219892,8465990
2023-11-03,371.8818359375,372.86895038950234,370.03638947895035,371.49559741604463,14334179
2023-11-06,373.684326171875,374.9289509209937,371.2809588281438,372.096390434518,7589690
2023-11-07,371.40972900390625,373.2981300796239,370.93763553590844,373.2981300796239,5321353
2023-11-08,375.0577697753906,375.52986326989816,371.0664116096857,371.7960155927843,7248663
2023-11-09,372.86895751953125,375.959028972627,372.43979150805103,375.78737344952606,8085620
2023-11-10,374.7143859863281,375.9589835916255,371.23804922028273,372.86891251152394,4236307
2023-11-13,374.2423095703125,376.3023389149238,373.3839504081949,376.3023389149238,3888975
2023-11-15,379.3494873046875,379.8215807352238,375.5298123835396,376.04483329093347,7722827
2023-11-16,376.5169677734375,381.5383405568395,375.61568108723014,379.3495286654918,11276031
2023-11-17,377.03192138671875,378.96322259064704,376.21648975041495,377.03192138671875,6911592
2023-11-20,374.9289855957031,377.93322905786397,372.9547840084122,377.54696335478775,4502356
2023-11-21,374.4568786621094,377.07485632698126,373.81310251348316,375.22938283673597,6228803
2023-11-22,377.418212890625,378.0190615906513,373.21227199044085,375.10067305032794,5074887
2023-11-23,377.9761047363281,379.6069951974984,376.1735859800582,378.4911256402476,6611803
2023-11-24,375.78729248046875,379.60696709305654,374.97186091211665,378.53402509180967,7084608
2023-11-28,373.5985412597656,376.817367782649,373.2981305087519,375.95900860246815,9082513
2023-11-29,375.2723388671875,376.38820854179903,372.6543610031265,374.24232415474165,14316126
2023-11-30,374.0705871582031,376.3452264547424,372.9547448492221,374.84311848324194,15710110
2023-12-01,386.0875549316406,387.07466928075024,375.4439888856026,375.8731548441418,20081576
2023-12-04,389.735595703125,391.752724785251,387.1176179239576,390.55102739116836,13293194
2023-12-05,387.7613525390625,392.95440762914575,386.3450722064194,390.5510129299725,12603697
2023-12-06,397.6324157714844,398.70535782026695,388.0617650793012,389.6068005413992,21203900
2023-12-07,393.2119140625,398.962890290366,392.6110653938614,398.9199628127044,11746535
2023-12-08,385.5296630859375,396.2161846263528,384.97174185663044,394.7998770071899,19386851
2023-12-11,388.36224365234375,389.3493581267413,385.65843792217663,387.5468119053872,6854157
2023-12-12,388.920166015625,394.8427980571218,388.27638983558137,389.86435294387155,10549319
2023-12-13,391.1089782714844,393.8557114943193,388.92019351204266,391.66692673487756,11718443
2023-12-14,394.9286193847656,395.7011507882431,385.7871609993032,394.84279163006556,14924265
2023-12-15,393.2977600097656,397.3749456496042,390.5510269980168,396.4736590030865,16397959
2023-12-18,387.675537109375,391.4093845073991,386.55966747679656,390.55102534416386,12490839
2023-12-19,391.4952392578125,393.1261027378061,388.01890208942376,389.134771798946,10664235
2023-12-20,387.1175842285156,394.19898553756065,385.65837649075223,393.98440256523634,10766954
2023-12-21,387.5038757324219,389.47807729462164,381.49538888446534,385.40089173377436,11584223
2023-12-22,390.72271728515625,391.32356599323725,386.73135932353364,388.834316199954,11450973
2023-12-26,391.7956848144531,393.89864182694373,390.2935493451927,391.45234655958086,6097422
2023-12-27,392.35357666015625,393.55527406397204,389.478088387006,392.26774890380545,7833901
2023-12-28,398.3620910644531,398.877084841687,391.49524439862944,392.4394313945744,21493169
2023-12-29,396.6453552246094,401.6238004767668,396.0015790266033,398.3620736168077,13384631
2024-01-01,401.7525329589844,403.3834235003086,397.1174262070781,397.8470301222474,9706230
2024-01-02,403.72674560546875,404.58507751496376,397.9328419940316,403.426307674166,10924918
2024-01-03,409.6493835449219,412.610699407938,402.8683926924601,403.6408968636394,24961710
2024-01-04,408.9197998046875,413.25449592440776,407.03142595569284,412.00987104917436,12240910
2024-01-05,406.8168640136719,411.494898602191,405.1430730693269,411.494898602191,9564086
2024-01-08,399.56378173828125,408.1473195214147,398.74832279775234,407.71812631002143,8311403
2024-01-09,398.748291015625,403.3834249883553,397.9757868226536,401.2804409887197,5916180
2024-01-10,397.67535400390625,400.63669719235435,394.8857207330158,398.74829615510856,6123200
2024-01-11,397.1174011230469,400.46498254414917,395.7869486090545,398.36202588883054,6786448
2024-01-12,400.59375,401.4521091194677,395.14321175715304,397.6324341610022,9714589
2024-01-15,401.36627197265625,403.8555216906725,400.0787468381923,403.426328510034,7167978
2024-01-16,405.4005126953125,407.71805224165365,398.49076712330265,401.53791051311356,12531058
2024-01-17,400.5079345703125,409.4348098392072,399.3062372068339,404.62802038529264,11536527
2024-01-18,399.56378173828125,401.5809109410194,390.16478501461893,399.3491715307208,9495938
2024-01-19,404.7138366699219,406.00138895410885,400.33624051486,402.1817139863782,12673308
2024-01-23,394.241943359375,406.64515567762464,391.7527208406185,406.64515567762464,8728196
2024-01-24,397.9328918457031,401.1946460030682,393.2119569371608,394.9286481749363,22459072
2024-01-25,391.1089782714844,399.09166744976585,388.0618342792077,397.88999716827067,20435547
2024-01-29,386.0875549316406,392.48230725845673,384.1133534371459,391.3235374074212,18557346
2024-01-30,376.0019226074219,389.43514944296885,375.4440014019763,383.68420026968823,45190319
2024-01-31,379.0061950683594,379.82162680148224,376.5598726652632,377.6757423653789,20648695
2024-02-01,380.1649475097656,384.3279609474678,377.07487624062026,379.3924432943424,19903526
2024-02-02,377.76153564453125,383.85585015123644,377.2465419254087,381.9674763724285,17816750
2024-02-05,376.0019226074219,380.8087120811852,374.71439748515684,379.39243172632115,12505666
2024-02-06,370.29388427734375,378.44822842023024,368.66299368578547,377.6757242063142,19487043
2024-02-07,370.63720703125,373.3839399508634,369.7788478931724,373.3839399508634,13376903
2024-02-08,361.260986328125,373.9406232696203,356.07584440751333,373.85348568627575,50039587
2024-02-09,362.0888671875,369.67052751049914,356.07584909868194,357.3830233416138,33527317
2024-02-12,354.55078125,364.2674916906546,353.8536253524433,363.8753311411971,11326971
2024-02-13,354.4636535644531,357.99304337034437,351.4571445057712,354.5943737512555,16207766
2024-02-14,358.64666748046875,359.25668585200435,352.41576356986315,353.81010311289634,12618012
2024-02-15,351.9800109863281,361.2609781597971,351.3264100788086,359.91022136351324,21169031
2024-02-16,352.5900573730469,356.9037408495518,348.0584884974271,352.93863534518886,38963810
2024-02-19,356.64227294921875,359.692364493742,352.59003016919024,352.9386081144379,17602580
2024-02-20,353.897216796875,357.68804696525905,352.3286021787309,357.68804696525905,14626643
2024-02-21,351.500732421875,357.3830304413687,349.714232381529,354.6815166984585,20162369
2024-02-22,361.1738586425781,361.7838769804783,351.5878680265273,354.5943771137186,19321180
2024-02-23,358.51593017578125,362.43745298945976,357.73160904171374,362.43745298945976,11576964
2024-02-26,356.5987243652344,359.9538113149577,354.94294457199726,358.2544765395862,8289561
2024-02-27,358.2980041503906,359.6923434687633,356.0322338292786,357.29585297346375,8083518
2024-02-28,355.81439208984375,359.34378171395946,354.50721790803016,358.29802027340105,8949664
2024-02-29,354.07147216796875,358.21088006238347,352.50285763753504,356.42440777306143,15468800
2024-03-01,356.86016845703125,360.04098051981117,355.11727854645085,356.337315293301,12873024
2024-03-04,356.5115966796875,359.86671160136217,355.94516090125154,359.2566932173203,7103794
2024-03-05,353.9407653808594,358.5159165850442,352.02357283988704,356.99085697735416,10108373
2024-03-06,355.4222717285156,357.25232683748783,349.19139545598193,354.245817593779,11534613
2024-03-07,360.3895568847656,361.60959362614113,351.76216210472074,355.4222723288473,23907135
2024-03-11,356.7730407714844,364.5289770408403,355.55300399076174,363.22180266689134,18298683
2024-03-12,352.4593200683594,354.245792445932,348.0148889968415,354.245792445932,36226074
2024-03-13,368.14544677734375,381.6965418107758,367.01257538721455,379.0821934747563,105525827
2024-03-14,365.7054138183594,370.8034184912404,364.2675193135294,367.7097716994342,31949569
2024-03-15,365.2261047363281,373.4613385589126,361.87101765864895,363.57035249882944,76074975
2024-03-18,363.7881774902344,366.6204111749259,363.3088793794741,365.13893424389084,16547358
2024-03-19,356.90374755859375,365.6182798826193,356.1630089967851,364.2675229533733,21803126
2024-03-20,362.2632141113281,363.09109031208556,356.90376868157074,357.2959292878945,20364534
2024-03-21,367.0997314453125,367.75330475277406,362.69888298530844,365.13895628515684,19968509
2024-03-22,373.5049133300781,374.419927016119,367.0997346711346,367.0997346711346,40358503
2024-03-26,372.67706298828125,374.0278199287093,370.84700787081954,370.84700787081954,10669833
2024-03-27,372.9820556640625,373.76637683110386,371.63129873341626,372.110596906979,12698464
2024-03-28,373.2870788574219,377.5571798173086,372.1105971062299,372.98205586378,29009002
2024-04-01,371.8491516113281,375.90139442993103,371.02124791223844,373.94061930272346,9743648
2024-04-02,371.1083984375,373.592026579895,370.01908203422835,373.592026579895,9194659
2024-04-03,370.5419921875,373.67924932140846,366.8819094992353,371.23917578330645,13152268
2024-04-04,368.40692138671875,372.4156094618312,365.9232929984776,370.84699479060345,19065447
2024-04-05,372.58990478515625,376.20643221522545,365.96684064487147,368.1890562257562,16768902
2024-04-08,373.9406433105469,375.94500116709133,372.76418920624536,373.24348736865613,8844633
2024-04-09,371.5441589355469,376.0321452699147,370.8470029815778,375.1171315326912,6967273
2024-04-10,380.7815856933594,381.5223242781882,371.0212915110397,373.24350726552603,14547618
2024-04-12,374.81207275390625,379.73580180355174,373.24345819780376,379.0822008973071,18785009
2024-04-15,371.1519775390625,373.9842114191919,368.5376290488552,372.9820325297619,9083087
2024-04-16,371.1519775390625,372.1105738267309,368.7990694216531,368.84262440452886,10357752
2024-04-18,365.00823974609375,372.0234367437925,363.96250587237773,371.2391432432269,22133191
2024-04-19,370.14984130859375,371.45701560681107,362.52462568029154,364.26751553828564,17221280
2024-04-22,370.629150390625,372.6334806910874,368.9298154672141,372.11059990884166,7386048
2024-04-23,374.0278015136719,375.1606729933093,370.45482904533475,370.62913183698697,12484384
2024-04-24,373.7663879394531,375.4221402938995,373.24350714588553,374.0713833231087,6070285
2024-04-25,381.3044128417969,381.95798612312706,373.8534730548878,375.5963903762039,30337038
2024-04-26,383.4394836425781,386.31527251993987,380.30225439111325,382.78588270732047,15342965
2024-04-29,381.87091064453125,385.57457603103137,378.7336810510775,385.1824430460164,12075706
2024-04-30,379.6486511230469,383.8751968280465,379.16935297976505,383.3958986847647,12528665
2024-05-02,382.5680236816406,385.70525292282576,378.9514962957991,379.9536751869483,24123523
2024-05-03,380.3457946777344,383.48305142686223,375.9013913463709,383.48305142686223,23786388
2024-05-06,378.8643798828125,383.8316643954197,377.6443431520748,381.696586307185,10753860
2024-05-07,383.7444763183594,388.6682055521619,379.2564902446458,380.73796727495403,26969062
2024-05-08,384.3109436035156,387.5353104505702,381.87087026244257,384.52880137635015,10916481
2024-05-09,370.454833984375,384.74666881049484,368.9298019173525,383.4830771249932,24314298
2024-05-10,377.644287109375,380.2586353621918,371.67482453548735,371.67482453548735,14524604
2024-05-13,376.337158203125,379.47438753102364,374.2892177623848,377.5571672805197,7584217
2024-05-14,374.4635009765625,377.6007301404288,373.4613221101125,375.1606568754472,11423749
2024-05-15,372.8077392578125,377.5571378637732,371.89269799745216,375.3785050214278,7856433
2024-05-16,375.9885559082031,376.9907348358264,368.5376430939357,374.7249642167052,23911954
2024-05-17,380.21514892578125,381.26088289164886,373.7663870890437,376.8164790131012,11894830
2024-05-21,378.9079284667969,380.91228632724113,377.5136165803025,379.9536900005545,11175153
2024-05-22,383.35235595703125,385.13882840102065,379.4308054819888,381.1301403386556,11036895
2024-05-23,384.61590576171875,387.7095797731359,380.4329429801562,384.659488360078,27244733
2024-05-24,380.12799072265625,385.5745736807143,379.34369713851805,384.31098190102256,13252938
2024-05-27,376.0321350097656,382.48089645524146,375.33497907481865,382.3937588680947,12282545
2024-05-28,373.8535461425781,376.9036382417265,373.19994511458566,376.5550602330938,9668761
2024-05-29,375.5528564453125,376.81647580985464,370.80342960528895,370.80342960528895,10832067
2024-05-30,369.3655090332031,375.55282998521824,368.0583347743574,373.4177796163997,21314885
2024-05-31,371.63128662109375,374.3328003943377,369.7140939893284,371.8927270015866,29300711
2024-06-03,375.02996826171875,378.9951014605376,373.548518756603,378.21078029410506,16116836
2024-06-04,368.496826171875,378.3482827063766,357.5360024211148,378.08202332328574,47791986
2024-06-05,381.8983154296875,386.95715897011706,371.0262361922414,374.5319094827672,28197030
2024-06-06,386.42462158203125,388.4658963975464,382.60830317461443,386.95714028519546,32318523
2024-06-07,389.7528076171875,391.9715980453364,382.60830356366677,382.8745629155196,29543660
2024-06-10,387.75592041015625,391.3947516185539,386.82404073501334,390.50722975348344,11872688
2024-06-11,384.29461669921875,388.55471053198954,383.6289963758289,387.844704269185,13158571
2024-06-12,383.6733703613281,385.53715797573835,381.80958274691795,382.1202280799728,10751658
2024-06-13,381.8983154296875,387.7559089354638,381.4101826375395,387.7559089354638,9641349
2024-06-14,382.6527099609375,383.3183302481955,380.7889225262687,382.51958027789186,9572809
2024-06-18,380.5226745605469,385.3596448481991,380.0345417507453,384.29460735192566,14641141
2024-06-19,375.996337890625,382.2976782837194,375.4638191590513,381.6320579972225,11329972
2024-06-20,375.6856994628906,378.5257525366393,374.08817136690516,376.351347889539,15147549
2024-06-21,372.40191650390625,377.46076039319195,371.47000866410593,377.1945010103919,26176371
2024-06-24,375.6856994628906,376.26257601400545,372.7569026415791,372.7569026415791,9723008
2024-06-25,375.6856994628906,376.3069619517722,372.53502920868647,375.41944009223124,10655609
2024-06-26,376.2625732421875,378.43700600124004,374.5763014110614,375.41943732662446,11511714
2024-06-27,377.7270202636719,379.19141874299106,373.7331857724581,376.2625936563807,38438054
2024-06-28,377.1057434082031,379.8570246308186,375.86321841942026,377.63823402627366,18554411
2024-07-01,380.7889404296875,381.8539498161556,376.8838497566948,378.3482763390493,13391362
2024-07-02,377.63824462890625,382.20895565283456,375.02006489132174,381.6320790804071,11177863
2024-07-03,380.123291015625,381.32143008834834,377.63824099221983,378.1707597480842,7435499
2024-07-04,380.7889404296875,382.9633451417158,379.0138966576025,381.6320763766379,9478861
2024-07-05,384.87152099609375,385.1821381877556,379.5020318353326,380.7445568579234,13427543
2024-07-08,393.7023010253906,394.54543698466966,384.8715242308732,386.20279301541757,21311436
2024-07-09,401.6899719238281,403.8200190152989,394.05733365136314,397.25239022458226,27489709
2024-07-10,400.6693115234375,404.1306271806451,396.2760880434586,402.6662006020045,12065662
2024-07-11,407.0594482421875,407.81384048178734,398.22864294708677,399.3824242772935,19556596
2024-07-12,407.4144287109375,411.1420037598132,404.5743755491234,407.0594255817072,19693114
2024-07-15,411.2751159667969,413.98203932408734,405.77249737770325,407.41441139257415,16876907
2024-07-16,413.18328857421875,414.24832611511465,409.5000993772223,411.3195010056231,13497253
2024-07-18,417.3546142578125,417.9315189735093,410.6094983275924,410.92014365573266,21907158
2024-07-19,421.1708984375,425.47537796795797,416.6001876694199,418.02022824325525,25939326
2024-07-22,414.07080078125,425.51975718184343,413.44953827294006,421.21530556282863,18762384
2024-07-23,436.8355712890625,441.4506680930601,413.93765914854197,414.07078883419376,56125835
2024-07-24,438.47747802734375,453.210261927794,435.4599375014016,440.20813578403585,43693692
2024-07-25,434.83868408203125,440.20814495659073,430.13484351054876,434.8830418921205,18567567
2024-07-26,445.7107849121094,449.438331919922,432.57552818447857,438.47750808548517,21534703
2024-07-29,440.2525329589844,449.2608250855603,438.47748921984754,448.63956258965953,12978187
2024-07-30,434.7942810058594,441.80565564865844,433.6848857498221,440.47438696700766,13891052
2024-07-31,439.6312561035156,441.93879038664625,435.32680471107363,437.0574624554141,11982586
2024-08-01,438.1669006347656,440.8738242304474,435.72620830215726,440.1637898116665,12114803
2024-08-02,434.08428955078125,443.2700690816439,430.26797086538403,430.26797086538403,22141163
2024-08-05,431.3329772949219,436.56933654734354,425.60848524167875,426.0522602329523,25022076
2024-08-06,431.5992431640625,436.3918274973879,429.60232599318414,431.55485722587554,14251363
2024-08-07,437.2349853515625,439.8531651484879,433.1967929971014,434.88306494116813,11320399
2024-08-08,439.0987548828125,441.98319394772153,437.1018376938733,438.4331345718136,21349889
2024-08-09,440.11944580078125,441.983233468581,437.63439557704834,441.983233468581,9556181
2024-08-12,438.96563720703125,443.7582217148487,436.65810276874254,436.65810276874254,9425644
2024-08-13,434.883056640625,441.85007398597685,433.32991441946837,440.16377394612385,8056478
2024-08-14,436.8355712890625,442.87070869735584,434.7942963223527,436.61369785563306,9609981
2024-08-16,446.11016845703125,447.4858232645307,437.2350051859108,438.87691939201966,13643352
2024-08-19,445.04510498046875,452.01209380136623,443.40319097362044,447.97390175378985,10591508
2024-08-20,442.69317626953125,446.77575417595006,441.71691069712347,444.6457074143468,6888634
2024-08-21,448.55084228515625,451.7458986802193,442.91509358922156,443.7582295645892,8801221
2024-08-22,447.7964172363281,451.3020905746001,445.0451079369473,450.72521402910553,8686423
2024-08-23,448.90582275390625,449.9264461841349,443.7138493421569,448.24017431856487,8195369
2024-08-26,448.8170471191406,450.8583502184477,445.53324716421866,449.0833064910477,8126402
2024-08-27,444.2907409667969,450.50336614741735,443.7582222004659,450.4589802075658,8260450
2024-08-28,441.3619079589844,445.79948897470337,440.651901747182,444.1131890617107,8081932
2024-08-29,448.2845764160156,450.5921108617591,441.4063027627872,441.9832074702022,19389694
2024-08-30,445.44451904296875,451.87901762056,443.9357346345459,445.4888768545288,15523349
2024-09-02,452.6777648925781,455.20720087112886,446.6870413627012,447.30830387252314,16497266
2024-09-03,452.10089111328125,457.9141271779408,450.769622334864,452.67776768740197,12481552
2024-09-04,449.39398193359375,452.6777821087004,443.7138753786177,443.75823319159593,8739052
2024-09-05,453.69842529296875,454.3196878148697,450.01523610168874,451.16898926523896,11318636
2024-09-06,445.2669982910156,454.40842025952134,441.2288060631329,454.40842025952134,14245025
2024-09-09,454.1865539550781,454.98530397420916,444.06886619293823,445.5332646679885,14265060
2024-09-10,455.8284606933594,457.0709575777058,451.5239809612763,454.3196763029774,11332248
2024-09-11,456.49407958984375,461.06479055779437,454.36403269993195,455.29594052025584,15497555
2024-09-12,461.0647888183594,461.95231069647195,451.3464903537594,457.15972630822966,19085324
2024-09-13,456.0503234863281,461.50852809733834,454.4084094452432,461.06478122957145,9165077
2024-09-16,453.60968017578125,458.84601159207153,452.36715513571806,457.8697459360179,7821668
2024-09-17,450.636474609375,455.78406201482926,449.30517775626555,453.56527143027444,10889862
2024-09-18,450.2814636230469,454.76343093157726,448.2845745094767,450.72523863670733,5638729
2024-09-19,451.0802307128906,456.89346666395045,450.4145822727039,452.63337290269794,14461616
2024-09-20,456.5384521484375,459.15663177722325,450.8583460271267,454.4084053209533,24725118
2024-09-23,458.8016052246094,461.0203958219378,455.8284505768036,457.4703364918065,8105508
2024-09-24,457.2928466796875,459.55599507559924,456.31658107204504,458.84598883876305,7015487
2024-09-25,459.3341369628906,460.88730730174024,454.67468220228506,457.51473537232573,8802667
2024-09-26,463.9492492675781,464.836771186585,458.84601932926836,459.4228959190351,16086557
2024-09-27,463.9048156738281,469.0524028961381,461.7304111043963,461.7304111043963,17916386
2024-09-30,459.8666687011719,465.3692595674388,456.22783728937105,462.041073483364,10936940
2024-10-01,458.135986328125,461.28665660969307,456.1834550969594,459.8666441244711,5285319
2024-10-03,455.0740661621094,457.6922177343659,450.9471020792447,451.3464911442906,16481353
2024-10-04,446.9089050292969,459.15663932880176,445.1338612892048,452.63336905434744,18930962
2024-10-07,452.8108825683594,457.0265903354445,449.7489560397519,449.97082947423615,17114457
2024-10-08,450.81396484375,454.8965429194943,449.08330705216247,452.63336638342724,9868331
2024-10-09,436.3918151855469,452.4558677197935,435.37116365980967,452.4558677197935,24874940
2024-10-10,436.7024841308594,439.8975404359125,434.39492158878744,439.63128105582945,13292273
2024-10-11,433.2855224609375,438.38875219322694,432.57551620558445,437.5456162489988,14949380
2024-10-14,441.0513000488281,442.8707297967612,433.6849216890066,435.7705826929564,6970606
2024-10-15,442.4713134765625,443.2257056420901,438.8768682699775,441.98318067862937,8347216
2024-10-16,437.7231140136719,442.73760011362725,436.9687218016791,440.2081640936547,6939430
2024-10-17,433.9067687988281,439.3206155181232,433.10801882331054,439.3206155181232,7669729
2024-10-18,431.95428466796875,436.2587365756036,424.58790595263207,433.77368637573744,22616838
2024-10-21,429.247314453125,432.7530159179544,423.65595210991864,431.95423781408044,7680088
2024-10-22,427.60540771484375,433.46302952571807,426.71788584919966,429.24732175988674,12772970
2024-10-23,426.31854248046875,428.9366941192119,425.56415026999287,426.8954190593147,10553961
2024-10-24,418.6414794921875,428.1379038851162,417.13269521294427,427.78290078317127,13596626
2024-10-25,428.0491943359375,437.98936636836663,420.86030359535795,422.2803161165742,32154050
2024-10-28,429.6910400390625,431.24421023259157,422.4577921648733,427.73850894134046,8946214
2024-10-29,433.0636291503906,434.1730244214629,427.1616496836426,430.4454495599473,7131161
2024-10-30,436.2586975097656,437.76748187143,431.7767303629288,433.0636412897533,6640080
2024-10-31,433.81805419921875,437.5456293433338,430.17922280768573,436.6581074335961,8111694
2024-11-01,435.1492919921875,436.74682006469067,434.26177014569237,435.7705544719371,1517892
2024-11-04,430.0904541015625,437.9449648846851,425.60848700060944,437.9449648846851,8754385
2024-11-05,426.1853942871094,430.48984579156854,423.3009552621551,428.6260583162402,7610046
2024-11-06,426.9841613769531,429.91298645719,424.2328800557218,426.18541135723177,11749720
2024-11-07,424.1440734863281,428.4041670029908,422.5465454495721,427.5610311124764,9267980
2024-11-08,424.2772216796875,426.62914196530926,421.21529515296464,424.14409199348466,6325023
2024-11-11,423.3009338378906,427.3391257660674,420.77152618880274,424.27719940013185,5700343
2024-11-12,419.66217041015625,424.1884955450853,418.1533859891892,423.8778783496949,5236095
2024-11-13,419.0852355957031,421.30402612785196,415.57956230657123,417.17709036459956,11548660
2024-11-14,413.53826904296875,419.7508939310638,410.254469103816,418.1977517730254,12087836
2024-11-18,414.07080078125,415.18019610837695,410.0326085412211,413.582667962433,8448573
2024-11-19,414.78082275390625,420.46092929422525,413.8045570792864,415.35772747288905,7121472
2024-11-21,405.7281494140625,411.8520025055283,404.17497910804383,409.14507908254996,20313155
2024-11-22,421.2596740722656,422.90155996145944,404.26371361127775,404.8849760938828,20214206
2024-11-25,423.1678161621094,427.9604003657754,419.26275380237485,425.12034734197664,14427013
2024-11-26,423.3453674316406,428.3598254865603,420.7715735570813,426.00790505967507,6791715
2024-11-27,423.3009338378906,426.09662897337176,419.7952606265615,423.78906661901124,7339184
2024-11-28,421.4815673828125,429.3804644079403,417.6208626211006,423.3453549185364,14967609
2024-11-29,423.1235046386719,425.0316500902855,419.44028717704947,419.9728059672548,8668142
2024-12-02,423.5228576660156,425.38664526883133,420.15031373251634,422.45784823353785,5689595
2024-12-03,419.3959045410156,420.150296739833,410.69822941298054,413.5826685185779,23073942
2024-12-04,414.5589294433594,424.41035759923045,413.93766694127874,421.0378138404822,13957078
2024-12-05,414.9139404296875,419.57339521958045,410.4763590816044,414.9583263692382,27432375
2024-12-06,418.1533508300781,421.52592252373137,415.0914244336676,417.1326993219514,7842234
2024-12-09,412.6507568359375,418.9077678081534,410.87574120351246,418.4639928040686,12154116
2024-12-10,413.0945129394531,413.982034779044,410.5650771030177,413.00576919388504,9163636
2024-12-11,412.9169921875,415.5351717369577,412.42885940098836,414.64764990839933,7005617
2024-12-12,408.79010009765625,415.2689566944341,407.5031890897079,413.13893783213524,13380617
2024-12-13,417.1327209472656,421.0378115655174,400.84679442097826,408.2575584671943,32976794
2024-12-16,417.22149658203125,421.0378437429753,415.35773707139464,417.3546262796443,9354160
2024-12-17,416.7333679199219,422.28034494961406,410.9645174346367,417.1327570167734,20608409
2024-12-18,417.57647705078125,420.50527378595007,414.38139282481444,419.5290082075605,12841386
2024-12-19,414.07080078125,420.9934321229976,412.96140545412305,416.24520549634906,15161531
2024-12-20,412.384521484375,414.8695714730185,407.63629494293747,414.02640741203714,20231570
2024-12-23,420.90472412109375,423.9666509835454,415.0027157268919,418.1978004181174,19562956
2024-12-24,424.6322021484375,426.229730169681,419.4846149830941,421.4815320416408,12009880
2024-12-26,423.3009338378906,427.64977106021837,422.4577979548613,426.49598988303813,9188830
2024-12-27,424.7653503417969,427.69417528170976,422.4578160167487,425.78600188340243,16906420
2024-12-30,423.3453674316406,427.294816060941,422.45784551297163,426.67355353066995,13578360
2024-12-31,429.247314453125,430.1348363036615,421.1709021796047,424.6322177071176,13787501
2025-01-01,429.5136413574219,432.0874354390994,427.9161130264505,431.33304315392195,18931186
2025-01-02,434.0399169921875,434.8830529409553,428.0491934724373,430.75611694752047,27131131
2025-01-03,427.42791748046875,435.7705610825458,425.8747471935482,435.104912655584,38500784
2025-01-06,407.98931884765625,425.5937435344478,406.69894820698454,419.9253105618029,22009958
2025-01-07,406.56072998046875,412.551763098371,405.68510619666324,410.61619292699265,14294780
2025-01-08,414.3490295410156,416.65327289988676,402.8739144906199,408.31192319196157,13482926
2025-01-09,414.8559875488281,424.57988345002826,411.1230963623607,414.21078814534843,19732649
2025-01-10,410.0631408691406,416.60719760759747,407.8510728791192,414.71772931211405,9145729
2025-01-13,404.6712341308594,409.23364753360545,400.93837089441075,400.93837089441075,17799607
2025-01-14,402.41302490234375,406.9293358009281,401.72175196496954,406.468487176012,18048459
2025-01-15,403.1043395996094,407.2058759094838,401.2609449089771,402.4130665906223,9786805
2025-01-16,398.9566955566406,405.03990357000157,397.3437252265509,403.7495048035536,15774070
2025-01-17,405.731201171875,407.20589448929087,398.63412003792996,399.09496873161544,11270061
2025-01-20,403.42694091796875,406.65288163954455,401.86004417344355,404.6251362205085,8742771
2025-01-21,403.2886657714844,411.99871701322076,401.16877310962934,403.7034408317465,15686500
2025-01-22,402.78173828125,407.34415137338146,402.36696322633964,405.45465494630946,9619648
2025-01-23,405.731201171875,407.2519962354426,400.10884148331786,400.9383635063573,8888248
2025-01-24,407.02154541015625,410.1553106977586,404.6712003484769,404.99380003866463,9665384
2025-01-27,405.6390075683594,410.1553189378108,402.36696511353375,406.2841788337263,10480203
2025-01-28,401.3531494140625,407.2059054794515,400.4775256212389,405.54686138859637,20813072
2025-01-29,399.4175720214844,403.2426105877509,396.42205548568967,401.81399087571464,15158510
2025-01-30,402.04443359375,403.7034777304941,397.6663707644809,399.09499054178985,22496695
2025-01-31,412.4595947265625,413.1047941706201,401.0305523642032,402.3209231243453,13546181
2025-02-01,426.33111572265625,434.5803185994335,405.1320757909766,412.92042997358686,30393007
2025-02-03,418.7732238769531,428.77364640147414,416.88372730958895,425.8242034381593,16991730
2025-02-04,419.5105285644531,424.3033658681254,413.6116713562202,422.1373715457356,18923681
2025-02-05,413.05865478515625,420.1557355112139,411.53785980899255,419.5105361259467,12836283
2025-02-06,406.56072998046875,414.76383123938655,403.88781313807607,414.76383123938655,17469129
2025-02-07,397.1133117675781,410.6161724179037,394.8551419924304,405.5468369559543,18875982
2025-02-10,393.7491455078125,399.37147721649563,393.1039460684688,393.5647947742935,12227140
2025-02-11,385.5459899902344,396.83678252001545,384.8086433619268,395.22381215861816,14288751
2025-02-12,383.76715087890625,387.4185038147077,381.61379694988227,386.80994975406657,13884574
2025-02-13,383.5799255371094,387.55897028927046,382.92454203150083,383.8139869931189,12989029
2025-02-14,384.0948181152344,389.6654917445899,382.3627577670518,385.49918673722794,14124236
2025-02-17,382.550048828125,385.1715257026187,380.8179883419268,383.6735266720701,11975265
2025-02-18,379.4136047363281,384.6565868517638,378.243297503952,381.98828064755554,12998403
2025-02-19,380.49029541015625,382.7372796630362,378.7114340671244,378.9922963842513,7079032
2025-02-20,376.4176330566406,378.14969359579993,370.9406176845331,374.4515396266307,15355585
2025-02-21,375.3409118652344,377.5410950710494,373.7493112486519,376.4175887530304,8240986
2025-02-24,376.2771911621094,377.6815598988965,373.3280225292474,374.49832980990334,7037625
2025-02-25,379.03912353515625,381.05204632098673,374.96644852961964,376.3708172507043,15760891
2025-02-27,375.9963073730469,380.5839059368619,374.0301855394252,379.03910612899966,19051003
2025-02-28,369.81707763671875,376.8389208829856,367.1956009202271,373.5620607013944,31954776
2025-03-03,372.11090087890625,373.5620704254616,366.2593646880312,370.7065321930963,10702826
2025-03-04,369.6766357421875,371.8768189431307,367.80414426427035,370.19155946983375,13404774
2025-03-05,379.226318359375,386.4354218493058,369.34893741865807,369.34893741865807,15665018
2025-03-06,379.8349304199219,383.57991359952393,375.01324171862086,383.06496126915613,17869996
2025-03-07,378.1496887207031,379.97537953583947,376.08996501773333,377.82199696260744,11180761
2025-03-10,379.1795349121094,380.9115952921479,374.8727986777293,375.48135271072846,9785018
2025-03-11,380.30303955078125,382.36276308182994,375.6218107457345,375.902673045256,11099475
2025-03-12,386.1077575683594,386.9503730638485,378.2432986572043,380.49028283582663,13844306
2025-03-13,385.7800598144531,387.9802430981233,382.17553644149433,386.66950472868797,8196569
2025-03-17,381.9414978027344,389.7123267634701,381.052052835393,386.66952781576737,5257805
2025-03-18,383.01812744140625,385.68643344159955,381.7541900126882,383.86074286990106,13861897
2025-03-19,377.3538513183594,384.56295527450226,376.9325578592833,383.8607709374216,12830387
2025-03-20,378.1965026855469,380.72434920469203,376.27718165061447,379.17954934766647,16994037
2025-03-21,379.6944885253906,381.5201793399715,376.08996490330134,380.06900971850354,25302035
2025-03-24,384.7033996582031,386.5290904261833,379.7413082676257,381.0520466941976,14362572
2025-03-25,383.6734924316406,388.77604313821394,382.6436449762537,385.73324448631945,20338110
2025-03-26,381.3797302246094,384.9842822489654,380.34985413594273,384.14163817608556,13891436
2025-03-27,383.3458557128906,384.5161629673909,379.78810451603715,381.98828786888856,18642328
2025-03-28,383.626708984375,389.10375252075136,382.12871001952664,384.70338591875066,12981873
2025-04-01,380.724365234375,387.9802704965241,379.74131853086607,383.67353391685737,15206240
2025-04-02,382.9713134765625,383.8607583698592,380.1625762201977,381.0988219723193,8001323
2025-04-03,383.29901123046875,384.0480249871138,380.77116480316903,381.09882796400086,7059566
2025-04-04,383.5799255371094,386.4822647340628,378.7114358233303,381.520173295444,18627592
2025-04-07,380.16259765625,382.0819186994949,365.27629507252,365.27629507252,26762866
2025-04-08,386.2481994628906,389.29099836095855,381.2861080732848,385.639645397668,18600796
2025-04-09,389.7591247558594,392.3338007695701,385.0310947776454,386.66952496818857,21785572
2025-04-11,394.67437744140625,395.51702145893296,390.4144707836984,393.2232079835811,8939356
2025-04-15,393.59771728515625,401.8366972313636,392.2869789172459,401.8366972313636,11685880
2025-04-16,397.3895263671875,398.8874967335651,391.3507297543969,391.3507297543969,13034594
2025-04-17,400.0110168457031,400.5727700384027,394.6744043729881,397.9044638020452,22410217
2025-04-21,395.89154052734375,401.7430767519647,394.6276029884348,400.76000152305585,27388236
2025-04-22,405.9561767578125,407.0796545529523,396.5468895062768,398.7939022404639,32031936
2025-04-23,403.3815002441406,409.5607281098517,401.5090086831345,408.39042088422286,19566317
2025-04-24,402.6324768066406,408.2499513547456,401.9302924881275,404.317736314244,26064089
2025-04-25,400.52593994140625,405.11356719755287,396.3128338610747,402.63249298157206,22944377
2025-04-28,401.462158203125,403.05378737531595,397.67037441966426,399.4492355949674,6287095
2025-04-29,398.8406982421875,402.21118873045583,397.90445247166593,401.5558052623093,11189930
2025-04-30,398.6534423828125,401.9303026184644,395.0957198414577,400.151441347787,10026546
2025-05-02,402.1175537109375,403.990045229964,397.06183232395665,397.06183232395665,9263372
2025-05-05,409.0926208496094,410.5437904360518,401.9771469315377,402.8197624517931,11525305
2025-05-06,407.7818603515625,411.6204739738847,405.3944449107777,409.60755115118997,15026568
2025-05-07,403.662353515625,407.2669054042834,402.30481430744925,405.76890647461266,9710361
2025-05-08,403.1474304199219,403.9900458904708,396.54688066139005,401.6494314878609,19937960
2025-05-09,396.5469055175781,401.7898878224534,396.031981745509,398.7939183424925,8226512
2025-05-12,407.73504638671875,408.3904298762828,400.85363403411344,402.1175715800131,8031891
2025-05-13,400.61956787109375,410.02885520481095,398.23215253511023,407.1732884018215,14976369
2025-05-14,401.74310302734375,404.31777913456966,398.7471048556076,399.8706113129977,9557309
2025-05-15,405.06671142578125,407.64138719634747,398.84068300407523,401.7430504961949,24263510
2025-05-16,407.92230224609375,408.3904251412249,404.5518116867584,407.17328847071144,16402035
2025-05-19,407.5946044921875,410.54377297361634,405.0667294669892,407.266912756039,7543854
2025-05-20,407.17327880859375,412.69712312567145,405.30078727250276,409.13940063587995,9868414
2025-05-21,405.3944396972656,410.2629293856914,404.4581938781033,408.7649303606408,5776672
2025-05-22,398.934326171875,405.3944162358384,395.9383282951614,405.3944162358384,19451749
2025-05-23,408.4840393066406,411.01191444613914,401.6494562583,406.3306853522196,18536884
2025-05-26,414.66326904296875,415.2718231131618,408.90536294937203,410.30973168302756,13107662
2025-05-27,406.237060546875,415.8804097538671,403.381522189769,414.6632730298236,26986022
2025-05-28,400.65911865234375,402.9475037342144,393.79393430833676,398.2753781298962,431851622
2025-05-29,399.2765197753906,403.1381676108757,397.22650883681956,402.37538231693094,21478547
2025-05-30,398.60906982421875,400.5160622005545,397.03580693342064,399.61025828083166,30656239
2025-06-02,399.8009338378906,400.8974777159352,395.2718270145734,398.8474376645607,14973380
2025-06-03,397.5602722167969,402.0893793944988,396.32070963544066,399.5149278857097,13216486
2025-06-04,397.60791015625,399.5149025311001,396.60675079881145,397.7509287646849,12598933
2025-06-05,399.6102600097656,401.37423378518696,396.4160419459044,399.0381564747108,13212523
2025-06-06,401.4695739746094,401.7079480309055,399.5149183523392,400.7544518057209,8774988
2025-06-09,403.3765563964844,403.9009967663349,400.94515272206996,402.375397024289,10473123
2025-06-10,407.14288330078125,408.62079079284285,403.3765616168375,404.75914276623337,13041075
2025-06-11,406.3323974609375,408.1917266795449,405.09286404746234,408.0963712404173,20789182
2025-06-12,401.421875,407.3335627082408,400.0392939574362,407.1428518408551,18508835
2025-06-13,394.6520690917969,399.8486349912841,394.27067643366814,395.70092072544685,17873926
2025-06-16,398.75213623046875,399.4195661344484,394.0323182383462,395.65327347360335,7006629
2025-06-17,397.98931884765625,399.5625818006199,396.3683927227586,398.65677784510535,9028406
2025-06-18,396.5590515136719,398.99048420762057,395.60555534311806,397.6079031209599,8036215
2025-06-19,396.6544189453125,398.799785393935,395.51021186668925,396.3206894558478,12601006
2025-06-20,399.0858154296875,399.9916484421562,396.6544118043789,396.6544118043789,13203184
2025-06-23,394.6520690917969,398.08466121174473,392.6020580932596,397.60791311448514,14839890
2025-06-24,395.0811767578125,401.0881914896625,394.50907318849437,397.51258055441934,16690068
2025-06-25,396.9881286621094,398.7044100961672,395.7962584722378,397.0357918303469,9946718
2025-06-26,400.7544250488281,401.32652856542074,396.89277723401676,397.7986102268212,13703918
2025-06-27,399.1811828613281,402.37540098742386,398.370705262409,401.4219047765532,21409935
2025-06-30,397.08349609375,401.1835180314217,396.46370029757674,400.27768502039476,12317124
2025-07-01,395.7962646484375,399.3718752738479,395.6055537757248,397.60790154563335,13670465
2025-07-02,393.7462463378906,397.512538667108,392.5543761517345,397.512538667108,15990899
2025-07-03,394.1276550292969,396.65441410717574,392.125307215327,394.7474217316605,14185298
2025-07-04,393.3648376464844,395.70091492818915,392.60205234140216,395.60555949045533,8256733
2025-07-07,396.7974548339844,397.7986433459749,392.8404512538974,393.7939474948049,6845218
2025-07-08,397.79864501953125,398.656785820279,395.3672121359503,396.7974565033287,6807192
2025-07-09,399.9440002441406,400.7544487506528,396.13001537247743,396.84513753591426,9930533
2025-07-10,397.46490478515625,400.75444928229246,397.0358198471668,400.75444928229246,6220360
2025-07-11,397.4172058105469,398.6090760644153,396.1776723858816,397.6079166905238,8578844
2025-07-14,399.89630126953125,400.42074163962934,397.1788312743534,397.6555793753181,6896989
2025-07-15,402.47076416015625,402.75680138955454,399.5149200299927,401.3265570457718,8532755
2025-07-16,404.8544921875,405.66496977687433,400.7544410700043,402.47075168839604,9780773
2025-07-17,404.2347106933594,406.0940107556235,403.3288776974709,405.99865531946784,7240795
2025-07-18,403.09051513671875,405.4265924462953,400.56375604779373,405.4265924462953,6730256
2025-07-21,400.5637512207031,403.09051027917883,398.9427960746048,402.3753881438521,4822343
2025-07-22,396.6544189453125,400.8497964029397,395.8916336251602,400.5637591824813,9869507
2025-07-23,395.65325927734375,398.46605560438246,394.74742624924966,397.7032702848046,12196187
2025-07-24,390.8857727050781,396.5113943772586,390.4090246125477,396.5113943772586,9005157
2025-07-25,390.361328125,391.1718056932205,388.7880652563331,390.93343164953177,5824089
2025-07-28,390.8381042480469,391.7439373183991,389.59857077130863,391.69624504720383,8123337
2025-07-29,389.4555358886719,392.2683322294525,389.02645095781634,390.9334433644723,6811772
2025-07-30,388.6450500488281,390.26597610105154,386.8810762904252,389.979938885481,10915863
2025-07-31,392.79278564453125,394.7474412869076,386.6903864618624,387.07180823457605,19364174
2025-08-01,397.08349609375,399.8486291981142,392.6497155747587,393.22181910286025,14324065
2025-08-04,397.46490478515625,402.85215260384814,395.79628640159,400.6591229390907,18352458
2025-08-05,394.89044189453125,398.5137448813091,393.7939270939727,397.798622737676,8495104
2025-08-06,392.8404235839844,395.700912105227,391.4101793233631,394.8904345378628,9080543
2025-08-07,394.36602783203125,395.4625426248142,392.5066986324122,392.84042811675334,11514878
2025-08-08,395.22418212890625,396.03465973340934,393.74627463123227,394.6520785787631,9814361
2025-08-11,397.46490478515625,397.6079233983543,394.74743474081214,395.22418285040254,8514272
2025-08-12,396.9881286621094,400.277672927119,395.9869402435813,397.60789534116395,13635738
2025-08-13,394.8427734375,398.08465462555023,394.3660253481281,397.79861741128474,10874910
2025-08-14,392.3160095214844,395.7485724437067,391.8869246070097,394.98578714952254,9580361
2025-08-18,387.4054870605469,394.4613820852118,386.02293505585004,393.79392311853456,30950814
2025-08-19,390.0752868652344,390.36132407533586,385.68919868718467,387.45317241186046,16681331
2025-08-20,387.1671142578125,391.17180987394187,386.5950398255606,390.07529508093324,18188129
2025-08-21,386.69036865234375,387.9299311597819,384.59269449100873,387.16711674788274,15028966
2025-08-22,379.7774963378906,387.5961762308591,379.01471107445633,387.1194281666145,13087624
2025-08-25,380.7787170410156,381.92289503325094,377.82287297221643,380.44498754804886,10440286
2025-08-26,384.59271240234375,386.5473680457286,379.87289439733723,380.7310351895941,13715752
2025-08-28,382.2566223144531,385.6892144680879,381.39848155064317,385.6892144680879,12471719
2025-08-29,390.695068359375,391.3625273394323,383.21011736185324,383.3054728016321,25255050
2025-09-01,386.9764404296875,391.12415473908817,386.1659628361549,390.69506980769,12268090
2025-09-02,387.8345947265625,388.88344640782555,385.6415650189729,387.6438838396435,19808255
2025-09-03,392.60205078125,394.03229504639114,388.3589811553069,389.50318820677745,12936588
2025-09-04,396.5590515136719,407.1428648264985,395.7009107798522,404.2347131456668,27274123
2025-09-05,388.40667724609375,397.60790962272006,385.59385185760647,397.5125541844266,16000675
2025-09-08,388.5973815917969,391.4578703163545,387.88225941065747,388.5020552463618,7419022
2025-09-09,390.9811096191406,391.8392794876205,388.4543504800707,389.5032021316832,8825896
2025-09-10,393.8415832519531,394.46137904411546,389.9322722150785,391.8869277335158,9252397
2025-09-11,395.74859619140625,397.32188823995943,393.26952928734954,393.8416037431192,8274406
2025-09-12,394.509033203125,397.65555886786507,393.6508924853225,396.03463286721455,7803379
2025-09-15,393.460205078125,395.03346800431143,392.60206430915014,393.84159774229215,5707331
2025-09-16,393.8892822265625,395.0811524650244,392.84043059703714,393.98463766531836,8239087
2025-09-17,390.2659606933594,395.31950772328065,389.0740905115468,394.6997410484167,14113882
2025-09-18,392.4113464355469,393.84159072448466,391.02879441527705,392.22066465605855,15647808
2025-09-19,391.5531921386719,393.4125212893377,389.932266126311,392.411332862674,19505321
2025-09-22,388.0252990722656,391.8869471309128,387.16712919399254,391.5532176336283,8930779
2025-09-23,384.4496765136719,389.1218020379517,383.4008248820839,388.16830584530703,14936357
2025-09-24,382.3519592285156,385.83221438435834,382.0659220205699,384.4496624147626,12380865
2025-09-25,381.49383544921875,384.2589686096089,379.4914876094897,382.7810611389299,22006368
2025-09-26,386.26129150390625,387.02407677530545,381.20774451111,381.49381081167934,14414044
2025-09-29,388.3113098144531,389.02643193197514,384.44966201919163,387.97758033993085,19717660
2025-09-30,382.8763732910156,387.8345649867495,381.7798585213034,387.8345649867495,9465490
2025-10-01,386.7380676269531,387.1194602903188,381.16010899274613,383.6392049522153,17643039
2025-10-03,385.4985046386719,386.6427117258004,383.5915122257209,386.0706081822361,16987141
2025-10-06,382.11358642578125,385.1170935125061,381.20775343369894,384.25895278749806,13989077
2025-10-07,381.2077941894531,383.8776011840606,380.92175695000077,383.78224573811093,12298968
2025-10-08,381.16009521484375,383.0670875611344,379.4914769118394,381.3984692581301,8402463
2025-10-09,381.3031005859375,382.73334479601107,380.3972967119267,380.4449598795719,15656267
2025-10-10,384.0682678222656,385.0694563176354,380.92174191886477,381.82757497204756,15085738
2025-10-13,380.683349609375,382.3043047536442,380.0158906444655,381.3984717438948,9508594
2025-10-14,378.3472595214844,382.2089363761892,377.77518511195166,381.3984588314936,10291102
2025-10-15,381.3031005859375,382.2089335583413,378.7763416344861,379.4914637395229,16043867
2025-10-16,386.3089904785156,387.11946809099607,380.96940578861586,382.3519869568705,22962049
2025-10-17,392.9834289550781,394.60438403521437,386.40431139747704,386.49966683131913,21071344
2025-10-20,393.8415832519531,395.5578938251509,392.17296494651845,393.3648351646861,13083621
2025-10-21,393.6509094238281,394.6997610566706,393.1741613269356,394.27067613010945,1142130
2025-10-23,396.60675048828125,400.89748332833454,394.3183363615374,396.65441365825745,24305990
2025-10-24,397.4172058105469,398.5137497228218,394.22301680889524,396.6067573166322,14935678
2025-10-27,401.0881652832031,403.0428499257912,397.22651736481293,397.60791001997336,11603679
2025-10-28,398.466064453125,402.04167527754,396.559072013437,400.9451604443985,17163147
2025-10-29,401.9940185546875,402.56612211545064,396.7020969906232,398.7521371748908,11470661
2025-10-30,399.2765197753906,402.08934510630013,396.7974239224796,401.9939896699586,12938674
2025-10-31,400.8021545410156,406.5707952146441,398.7521434230218,400.94517315884843,18599864
2025-11-03,394.69976806640625,402.041671429904,394.07997225072296,400.42074533071906,7635440
2025-11-04,389.88458251953125,395.22416695182824,389.36017125943533,394.7474188614159,10085404
2025-11-06,388.5496826171875,394.07994866906864,387.6438496318514,390.933423001342,10095563
2025-11-07,385.2601318359375,390.0753051532848,384.3543278958865,387.1671242550703,8411611
2025-11-10,386.69036865234375,388.1683052075514,384.8787317089743,385.26012436572665,6650003
2025-11-11,387.929931640625,389.07410961230016,385.7845652080402,387.11945405752516,12005318
2025-11-12,388.07293701171875,389.1217886071048,386.6903559407471,389.0264331714527,7987236
2025-11-13,386.83343505859375,388.54971664613856,385.68922793463327,388.07296852755434,6617185
2025-11-14,389.1694641113281,389.74156764498133,381.49383142153096,385.87991971501265,64020258
2025-11-17,388.1683044433594,392.8404299507648,387.1194528155595,390.69506352506284,7855399
2025-11-18,386.9764404296875,390.74273297855876,385.73687790475674,389.26482550088946,7661681
2025-11-19,384.78338623046875,386.6903786619881,384.06826406864894,386.0229487699935,7882450
2025-11-20,386.59503173828125,388.07293915467255,384.49732853592553,384.78336574606783,6693410
2025-11-21,388.8834228515625,389.5031895489138,385.8799157040955,386.1659529187517,5808131
2025-11-24,384.78338623046875,389.78924136320717,384.1159563384741,389.40784869658233,11037491
2025-11-25,382.1612548828125,385.6892023658129,381.49382502007865,384.78336936119564,8199785
2025-11-26,383.5915222167969,385.16481427717554,382.3043255832445,382.3519887554517,11443953
2025-11-27,385.4985046386719,387.07179665807234,383.40083044346284,384.7357193128495,8679529
2025-11-28,385.4508361816406,386.1659583266901,383.782217843192,385.4984993519528,6883500
2025-12-01,385.4508361816406,386.6427064233897,379.6821958509331,384.0682550618539,13442658
2025-12-02,382.3043212890625,386.64271745343586,381.8752363504342,385.45084717768543,8093808
2025-12-03,381.875244140625,383.496199388071,380.3019811642192,383.0194512680452,10772192
2025-12-04,384.3066101074219,384.7833581805478,380.49262552241476,381.493813935015,8057989
2025-12-05,386.1182861328125,386.49967878158014,383.3054607886625,384.3066201289768,4419747
2025-12-08,383.5915222167969,386.40434773852076,381.92290381200377,386.11831050848593,6056866
2025-12-09,382.399658203125,385.6892318944884,381.3984987831776,383.30549127709355,9426717
2025-12-10,384.4019775390625,385.5938477590759,382.35196658031816,382.447322017598,6969146
2025-12-11,384.1636047363281,385.2124563530077,382.44732325332086,384.40197878110104,6980147
2025-12-12,381.49383544921875,385.21246480963276,381.2554613992128,384.1636131699276,12407516
2025-12-15,383.5915222167969,384.5927107187102,380.9217444084862,381.49384796695153,7756564
2025-12-16,383.0194091796875,386.8810568881978,382.39961341304394,382.7333428800691,12347384
2025-12-17,381.2077941894531,384.35434931541226,380.54036426459874,382.35200134405585,8087490
2025-12-18,381.7798767089844,383.2578132936943,381.2554654327811,381.3984840446188,7227668
2025-12-19,382.399658203125,383.9252580179369,381.63687284491715,381.63687284491715,10654835
2025-12-22,383.9729309082031,384.87873483805475,382.5426866099581,382.92407926981116,6847871
2025-12-23,388.40667724609375,389.8845846952617,383.114755953949,383.78221492360865,10081997
2025-12-24,387.6915588378906,390.45669198464753,386.7857258129762,388.9787845212552,5777430
2025-12-26,385.3554992675781,388.21598798528635,385.0694620351657,387.5962212494621,3152453
2025-12-29,383.8775634765625,385.97523758942174,382.7810487018413,385.30780773012765,6647710
2025-12-30,381.9705810546875,384.6880510266874,381.68451473751173,384.258966100121,12340527
2025-12-31,384.25897216796875,384.97409432460887,382.2089611386127,382.4473351908261,9945109
2026-01-01,346.9295959472656,383.9729288975114,345.833081144032,383.9729288975114,282626710
2026-01-02,333.77130126953125,343.25859919211456,329.19453158632655,343.25859919211456,118790358
2026-01-05,333.4376220703125,337.4899807901625,329.9573377733733,333.91437015500077,48358124
2026-01-06,326.5248107910156,334.39115505441515,322.04336666220496,333.96207009159815,72582738
2026-01-07,325.3805847167969,328.5271105999748,323.5212554504856,327.0492030999599,29440734
2026-01-08,325.0468444824219,329.0992032790893,323.2828707159584,325.61894801457146,36706319
2026-01-09,321.47125244140625,325.1422187958776,320.47009302582137,325.0468633519181,35193201
2026-01-12,322.6631164550781,323.71196812139505,320.1840204524369,322.52009784112477,16156143
2026-01-13,319.13519287109375,323.71196303607496,318.18169666185645,323.23521493145626,24922339
2026-01-14,319.182861328125,320.37473160941005,317.9433278749468,320.37473160941005,14913422
2026-01-15,319.182861328125,319.182861328125,319.182861328125,319.182861328125,0
2026-01-16,313.8909606933594,321.8049675143545,313.2711648846159,321.8049675143545,30526898
2026-01-19,317.7049255371094,319.0874774812901,312.07927503151404,314.65372624927437,15507440
2026-01-20,311.12579345703125,318.9444738116522,310.3630081485584,318.5153888891398,18771011
2026-01-21,309.64788818359375,313.9862842154765,309.2664955266801,310.8397584229455,14177965
2026-01-22,309.7432556152344,313.4142219142513,306.1199524882791,310.9351259007337,18622852
2026-01-23,308.36065673828125,311.2211452592271,307.6932268757636,310.41066769194697,11950089
2026-01-27,303.83154296875,309.60021214650556,303.06875768662377,308.551360559787,47847784
2026-01-28,306.2153015136719,308.64673430417406,304.499019977878,305.07112352260765,28400238
2026-01-29,303.7839050292969,307.5978899534603,303.25946464318696,307.5978899534603,17719420
2026-01-30,307.1687927246094,310.02928130332384,301.7338818840886,303.9745746586993,41975824
2026-02-02,300.06524658203125,300.7326764202941,287.9558339773994,295.0593918522917,35227572
2026-02-03,301.924560546875,309.64788544935533,297.1094164617701,306.26298563884325,33168353
2026-02-04,305.5264587402344,306.5972918224836,303.09276069340797,304.2122558533025,11196759
2026-02-05,301.9732666015625,306.98667865411124,301.09711153502366,305.62381368471375,15816704
2026-02-06,317.1595153808594,319.0091496502099,300.12362917115206,301.7785557148148,68057745
2026-02-09,314.23907470703125,319.9826257687896,313.11957956571865,319.25251636686045,20059198
2026-02-10,312.876220703125,314.9691951201795,312.2434651409776,314.43379342333833,11489090
2026-02-11,309.80975341796875,313.6550081166595,307.91145710682224,313.41163831821643,24843366
2026-02-12,309.0309753417969,311.90272107711473,308.49554397172875,308.8849296992704,13294561
2026-02-13,305.4291076660156,309.9557801328065,304.9423680522052,307.6194359281623,8730618
2026-02-16,309.5177307128906,309.80976259638305,304.8450126194144,305.4291060946274,11693763
2026-02-17,316.8188171386719,319.34983928901715,309.7124011623626,310.0044627469445,39360672
2026-02-18,323.6331787109375,324.11991832114603,316.18603890816456,317.35422585595626,35473203
2026-02-19,317.3542175292969,325.38542088701683,316.3807383344217,325.19071316475083,19911747
2026-02-20,318.32769775390625,319.1551610138723,316.4294014344681,316.4294014344681,11282027
2026-02-23,316.7701416015625,319.39854745647875,315.79666235281263,318.3277143412081,13486092
2026-02-24,314.9205322265625,316.7701368296786,313.5089754538475,315.4072718436051,13135859
2026-02-25,311.2699890136719,317.93832779267075,309.6637541988749,316.86749468006315,13492101
2026-02-26,309.8584289550781,312.87622052851447,309.1770113147723,311.5133555396741,11270119
2026-02-27,305.2830810546875,309.32301376648314,304.3582639374763,307.6194251776827,13892595
2026-03-02,306.548583984375,307.376047218612,298.85810450075655,298.85810450075655,22194311
2026-03-04,303.6768493652344,307.13268865380064,302.2652926371002,302.3626464990797,24165489
2026-03-05,303.23876953125,305.28308178434213,300.026300067982,303.9202168516899,19938009
2026-03-06,301.48651123046875,304.0175333092302,300.9997716448259,301.8272051738374,21288269
2026-03-09,297.8846435546875,299.05283051074235,295.54829935080625,296.9111643273846,14084931
2026-03-10,300.8537292480469,301.77854635403554,295.69430146786544,300.8050671722483,18352950
2026-03-11,300.8050842285156,302.41131902789596,299.53957310372596,300.85374630707344,14842485
2026-03-12,296.0350341796875,299.83159716315987,294.8181851652266,298.9067800288785,23319679
2026-03-13,293.455322265625,297.8846408259882,292.67652106597967,295.937682389217,25659996
2026-03-16,300.0749816894531,301.2431686839447,293.99073631862075,294.52613802796225,37472204
2026-03-17,296.76513671875,301.7298865244703,295.98633554258623,301.7298865244703,25649286
2026-03-18,295.986328125,298.8094414690324,295.45092646773946,297.7872705212262,16702554
2026-03-19,290.0968017578125,297.3978957617843,289.2206764189814,293.50397895966603,17851126
2026-03-20,291.9950866699219,300.56169141647746,290.2428063525175,293.0658899820715,58679529
2026-03-23,282.7470397949219,291.07027490300464,281.87088476609046,290.9729210433315,31788160
2026-03-24,283.52581787109375,288.14984408530046,281.0921198636166,288.1011820084419,33335721
2026-03-25,287.8578186035156,290.58354854916115,284.49930339528424,284.9373809296547,26184716
2026-03-27,286.88433837890625,288.9773127628988,283.81785506545845,286.88433837890625,22179022
2026-03-30,280.0699768066406,286.64096138513423,279.38852948557997,285.813498126197,24586921
2026-04-01,283.9638977050781,286.64096553507443,283.1850965114152,285.22940879596706,18604340
2026-04-02,285.0834045410156,285.86217605837106,280.75140999162466,282.5523525472668,18082775
2026-04-06,287.0303649902344,287.51710461894146,282.552354464483,285.2294224223722,18047063
2026-04-07,290.5348815917969,291.0702832730548,284.98603822136056,286.3489031712945,26963485
2026-04-08,294.4288024902344,296.52177687527063,293.5526474241106,295.8403295367806,22310207
2026-04-09,294.9642028808594,296.32706784361375,293.26061425035937,293.5039840547165,17691477
2026-04-10,296.1810607910156,297.30055598300885,294.57482597570106,294.96421173271233,17744386
2026-04-13,290.72955322265625,293.4553127708808,290.19415155315835,292.0437560666014,16522014
2026-04-15,294.0393981933594,295.9376946310278,292.57917930537735,292.725224960759,18701403
2026-04-16,295.35357666015625,297.2518729405252,293.84469581756434,294.91552885499743,16512053
2026-04-17,298.6634216308594,301.729905030981,295.7916756720069,295.7916756720069,35111203
2026-04-20,296.9111633300781,299.7829389242669,296.37576164015127,298.8581217781442,13540471
2026-04-21,301.4378356933594,302.849392451092,296.4730857105753,296.91116324455527,24411865
2026-04-22,297.39788818359375,302.3139461377078,297.0085024549496,301.77854447435044,24500511
2026-04-23,297.20318603515625,298.22535701375915,295.2075655708127,295.93767496628874,10701849
2026-04-24,293.6013488769531,298.5174072251711,293.114609250071,298.5174072251711,17011704
2026-04-27,295.7916564941406,297.5439071449768,294.8181773085145,295.5969487737246,14382348
2026-04-28,296.3757629394531,297.6899361310764,294.526128639099,296.32707115310103,12907339
2026-04-29,307.86279296875,309.0796419528162,297.00850597252486,297.00850597252486,31199038
2026-04-30,306.548583984375,309.07963576218305,304.99101137432183,307.86278680248944,11541956
2026-05-01,306.548583984375,306.548583984375,306.548583984375,306.548583984375,0
2026-05-04,302.8493957519531,309.4690426623296,302.26530226968964,309.4690426623296,20245091
2026-05-05,303.19012451171875,305.38045282577866,301.4378440355334,302.8494008323303,26795704
2026-05-06,302.4599914550781,305.28307511999276,301.04843476850743,304.504273955316,20287609
2026-05-07,299.24749755859375,303.38478412292693,298.85811182359606,303.1901061095417,25718615
2026-05-08,299.29620361328125,300.70773068347654,297.59261494674206,300.70773068347654,17739844
2026-05-11,297.7386169433594,299.83159126541733,297.05716962537434,298.85811207299713,14968661
2026-05-12,292.7252197265625,298.1280176321973,292.141126240168,297.25189225671994,15968338
2026-05-13,296.3757629394531,297.6899361310764,293.0659097966479,293.99072694682496,13024778
2026-05-14,299.0528259277344,300.9997843525029,296.7651438369858,296.91115977719784,11113377
2026-05-15,301.2431640625,303.77418633135375,298.17668067606064,299.0528357626027,11954564
2026-05-18,301.924560546875,304.01753483399096,298.371367495507,301.24314294849347,14422870
2026-05-19,302.0705871582031,305.91584192326644,300.17232052251813,303.67685162223455,17519355
2026-05-20,299.3935241699219,301.43783648682927,298.07935098097914,300.8050809313701,12127920
2026-05-21,299.8802490234375,303.0440563532439,297.68992087203304,301.6325293694972,21868988
2026-05-22,293.6986999511719,298.8581280637695,293.01725259672514,297.7872949531656,30751752
2026-05-25,295.8890075683594,297.3978884085819,294.33143494437775,295.8890075683594,15734247
2026-05-26,293.6499938964844,296.32706168880947,293.1145922213104,296.27839961224,37560542
2026-05-27,291.95001220703125,296.3500061035156,291.04998779296875,295.6499938964844,25446093
2026-05-28,291.95001220703125,291.95001220703125,291.95001220703125,291.95001220703125,0
2026-05-29,286.8999938964844,292.3999938964844,285.8999938964844,292.0,31930439
2026-06-01,279.6499938964844,288.54998779296875,278.29998779296875,287.79998779296875,23477875
2026-06-02,283.25,283.6000061035156,277.1000061035156,279.5,20206131
2026-06-03,277.0,282.3500061035156,275.20001220703125,282.3500061035156,28001438
2026-06-04,280.29998779296875,280.6499938964844,275.04998779296875,277.0,22017634
2026-06-05,280.70001220703125,281.3999938964844,277.8500061035156,280.0,16065822
2026-06-08,279.45001220703125,283.45001220703125,276.95001220703125,279.0,15779677
2026-06-09,280.0,281.70001220703125,277.1499938964844,281.70001220703125,12302522
2026-06-10,283.6499938964844,285.8500061035156,278.6499938964844,280.0,19823743
2026-06-11,282.3999938964844,283.25,281.20001220703125,283.0,12603100
2026-06-12,285.1000061035156,285.8500061035156,283.0,283.54998779296875,12893433
2026-06-15,287.8999938964844,288.8500061035156,286.70001220703125,287.0,11194950
2026-06-16,291.6499938964844,292.1499938964844,287.5,288.1499938964844,14467499
2026-06-17,290.75,292.3500061035156,290.0,291.95001220703125,8626353
2026-06-18,291.1499938964844,291.8999938964844,288.0,291.04998779296875,10409670
2026-06-19,292.5,294.54998779296875,288.3999938964844,289.79998779296875,13874008
2026-06-22,291.25,293.95001220703125,290.04998779296875,292.79998779296875,9947873
2026-06-23,290.0,293.1499938964844,289.6499938964844,291.25,9410364
2026-06-24,290.3500061035156,291.3999938964844,289.45001220703125,290.0,6218635
2026-06-25,290.0,292.25,289.20001220703125,290.3500061035156,11230239
2026-06-26,290.0,290.0,290.0,290.0,0
2026-06-29,290.70001220703125,291.8999938964844,289.3500061035156,290.45001220703125,10110022
2026-06-30,286.95001220703125,291.6000061035156,285.5,291.5,18180676
2026-07-01,290.29998779296875,291.0,287.1000061035156,287.8500061035156,6551425
2026-07-02,289.8999938964844,291.0,287.70001220703125,290.70001220703125,12722639
2026-07-03,289.95001220703125,291.6000061035156,289.0,291.29998779296875,6517591
2026-07-06,288.25,290.3999938964844,287.6000061035156,289.95001220703125,27126124
2026-07-07,288.75,290.70001220703125,286.54998779296875,288.29998779296875,18491160
2026-07-08,280.6499938964844,287.8500061035156,280.0,286.8999938964844,21593793
2026-07-09,282.04998779296875,284.3999938964844,281.0,281.25,12512120
2026-07-10,281.75,283.6499938964844,280.8500061035156,282.8500061035156,11774274
2026-07-13,279.6499938964844,281.5,279.5,281.3500061035156,12559492
2026-07-14,275.54998779296875,280.6499938964844,275.0,279.25,15018851
2026-07-15,276.6499938964844,277.70001220703125,275.29998779296875,276.6499938964844,8523722
2026-07-16,279.3500061035156,280.45001220703125,276.0,277.0,11220653
2026-07-17,280.70001220703125,281.95001220703125,277.79998779296875,279.3500061035156,15215868
2026-07-20,282.70001220703125,283.70001220703125,279.5,280.70001220703125,9913943
2026-07-21,281.0,283.95001220703125,278.79998779296875,283.0,9858768
2026-07-22,280.79998779296875,282.20001220703125,278.5,280.5,12995017
2026-07-23,281.29998779296875,284.0,279.6499938964844,279.95001220703125,21143589
2026-07-24,283.45001220703125,284.8500061035156,279.54998779296875,279.54998779296875,24954082
2026-07-27,285.8500061035156,287.8999938964844,285.5,287.75,19312804
2026-07-28,284.6499938964844,287.95001220703125,282.29998779296875,284.8999938964844,14843878
2026-07-29,286.25,289.04998779296875,284.1499938964844,285.6000061035156,19030590
2026-07-30,285.04998779296875,288.3999938964844,283.75,286.1000061035156,18283697
2026-07-31,281.0,285.79998779296875,280.04998779296875,285.54998779296875,16833813
2026-08-03,287.0,292.54998779296875,283.0,284.45001220703125,45392755
2026-08-04,289.0,289.0,284.70001220703125,286.04998779296875,12689243
2026-08-05,286.95001220703125,288.5,285.0,288.25,11771241
2026-08-06,285.8999938964844,286.3500061035156,283.70001220703125,285.45001220703125,12447629
2026-08-07,286.1000061035156,286.1000061035156,284.3999938964844,285.0,6128841
2026-08-10,282.6499938964844,286.1000061035156,281.3999938964844,286.1000061035156,9347929
2026-08-11,279.0,282.6000061035156,278.0,282.0,13053722
2026-08-12,276.1499938964844,279.54998779296875,275.3999938964844,279.0,12630816
2026-08-13,278.5,278.5,276.04998779296875,276.20001220703125,11335590
2026-08-14,278.20001220703125,278.3500061035156,275.95001220703125,278.3500061035156,7338537
2026-08-17,273.04998779296875,278.20001220703125,273.0,278.20001220703125,12795275
2026-08-18,270.0,273.6499938964844,269.1499938964844,273.04998779296875,14561572
2026-08-19,267.04998779296875,270.95001220703125,265.8500061035156,270.0,13821291
2026-08-20,271.6499938964844,271.6499938964844,265.0,268.20001220703125,28272797
2026-08-21,269.3999938964844,271.6000061035156,269.0,271.6000061035156,8312928
2026-08-24,269.70001220703125,270.6000061035156,267.0,270.6000061035156,8518400
2026-08-25,271.3999938964844,271.3999938964844,267.6499938964844,269.70001220703125,8414719
2026-08-26,270.25,273.95001220703125,270.25,271.8500061035156,11693367
2026-08-27,269.0,271.25,268.0,269.5,8834890
2026-08-28,266.0,269.0,264.79998779296875,269.0,15200847
2026-08-31,255.5,266.54998779296875,255.5,266.0,24575845
2026-09-01,266.6000061035156,268.20001220703125,261.5,261.5,31258553
2026-09-02,266.29998779296875,269.0,262.79998779296875,266.0,14643482
2026-09-03,263.0,267.6000061035156,262.3500061035156,266.5,17813663
2026-09-04,264.1000061035156,266.25,262.6499938964844,264.0,9519153
2026-09-07,263.5,264.95001220703125,262.95001220703125,264.1000061035156,6688002
2026-09-08,263.5,265.8999938964844,262.70001220703125,263.5,7406617
2026-09-09,260.79998779296875,264.5,260.20001220703125,263.6499938964844,10065188
2026-09-10,259.29998779296875,263.8999938964844,259.1000061035156,261.0,17541602
2026-09-11,259.8500061035156,261.6499938964844,257.70001220703125,258.0,11116049
2026-09-14,259.8500061035156,259.8500061035156,259.8500061035156,259.8500061035156,0
2026-09-15,258.0,264.20001220703125,258.0,261.0,12133201
2026-09-16,264.1499938964844,264.8999938964844,259.29998779296875,259.3999938964844,15199856
2026-09-17,266.20001220703125,268.5,264.1000061035156,264.79998779296875,13365227
2026-09-18,262.29998779296875,266.6000061035156,262.29998779296875,266.6000061035156,14399150
2026-09-21,267.0,267.95001220703125,263.54998779296875,263.54998779296875,8662786
2026-09-22,265.79998779296875,268.25,264.75,267.8999938964844,7177847
