Date,Close,High,Low,Open,Volume
2021-09-15,3435.311767578125,3457.4201024494814,3358.388471374295,3372.3746023512094,2461369
2021-09-16,3390.791259765625,3458.940621955318,3381.0618779429806,3413.9854697769574,2946666
2021-09-17,3325.247802734375,3427.0157522153695,3305.3979561925175,3405.2982886398604,6477148
2021-09-20,3321.46826171875,3362.7314348406644,3307.873216881882,3308.872135186797,2002008
2021-09-21,3355.73876953125,3363.2096613345666,3319.8614796911293,3351.438754448293,1568129
2021-09-22,3355.043701171875,3385.1877076595533,3346.6173684546684,3355.3478304693117,1744067
2021-09-23,3361.211181640625,3369.680990782189,3331.458262348465,3361.8627054207454,2003869
2021-09-24,3362.992919921875,3426.494660091767,3348.8330903783194,3379.2375412637257,2320754
2021-09-27,3333.153076171875,3391.3993601612406,3303.5738462002655,3387.9245657348456,1673362
2021-09-28,3282.94189453125,3344.489268897925,3258.7052908969717,3344.489268897925,2253075
2021-09-29,3294.017822265625,3306.2665561909757,3233.4261006959136,3266.13272711656,2489161
2021-09-30,3279.81494140625,3305.3980719774313,3257.706605128869,3305.3980719774313,2252412
2021-10-01,3240.418701171875,3309.740875307835,3235.9015119479486,3285.2001457205783,1578374
2021-10-04,3277.8603515625,3286.851254497421,3220.6564659820315,3235.7284709822225,1356860
2021-10-05,3329.981689453125,3335.801926439112,3250.3220869079396,3261.093862461569,1877966
2021-10-06,3310.52294921875,3350.9609058383885,3296.7107282346856,3332.327365878328,1678154
2021-10-07,3381.756103515625,3387.055248882462,3318.4715488271363,3327.115055968153,1647233
2021-10-08,3418.89306640625,3466.019958648897,3387.9240506234883,3409.6415124864593,2934339
2021-10-11,3201.67578125,3264.1351284142825,3179.43701130972,3261.9633818218576,11845402
2021-10-12,3173.22509765625,3220.2650321071796,3153.89655787627,3219.396333690102,5752877
2021-10-13,3175.2666015625,3192.857745560252,3166.4059195953646,3170.7494119404887,3545655
2021-10-14,3143.28125,3194.2411894028182,3140.4525622982123,3155.0747443011487,6442299
2021-10-18,3174.353271484375,3179.183842238578,3134.577612848602,3136.3183437516254,3590107
2021-10-19,3163.03857421875,3211.7356920493535,3155.2488457940203,3193.370895714602,3135441
2021-10-20,3141.018310546875,3159.426454063598,3114.4286046403977,3143.7598766054316,2933693
2021-10-21,3074.5654296875,3139.7992665819975,3056.070167017759,3136.883670314862,4871211
2021-10-22,3045.278076171875,3099.8935052260636,3033.223430340186,3098.5008355842356,2691670
2021-10-25,3040.142333984375,3058.942308854021,3002.7601880545794,3048.889547465273,2595594
2021-10-26,3031.134033203125,3071.518894854652,3024.51917246243,3041.491294437399,3878763
2021-10-27,3037.357666015625,3056.0705221856474,3031.4826995436415,3031.4826995436415,2510813
2021-10-28,2978.085693359375,3061.9454848556675,2972.297848431525,3061.9454848556675,2424942
2021-10-29,2957.28369140625,3012.3342965071097,2947.0133383911043,2959.2855740900413,3960501
2021-11-01,3025.737548828125,3034.9635051049436,2970.512918427399,2992.2720488052664,2020718
2021-11-02,3032.52685546875,3058.115723793771,3019.950118885597,3041.056478243757,3087414
2021-11-03,3039.532958984375,3063.5984724746827,3016.7294325728367,3049.9337809315916,1537639
2021-11-04,3053.806884765625,3057.81064982747,3050.6301366669845,3057.549497759696,328991
2021-11-08,3048.672119140625,3088.056149799711,3029.9157040300906,3088.056149799711,2526082
2021-11-09,3051.2392578125,3076.741000826848,3042.79675781914,3053.2411402830503,1782692
2021-11-10,3032.61376953125,3063.4246152630417,3029.045186907905,3044.5377312978912,1516489
2021-11-11,3036.008544921875,3055.0261139031104,2990.5755135530526,3028.871591142207,1284514
2021-11-12,3068.95166015625,3076.0014917098492,3033.832334714238,3051.500793099573,1747259
2021-11-15,3092.668701171875,3106.8556964004206,3070.6484191597583,3070.6484191597583,1809157
2021-11-16,3095.367431640625,3112.03505658905,3082.834254844541,3106.334120705863,2013204
2021-11-17,3065.3388671875,3100.9804892639227,3051.848207668816,3090.318516418511,1632914
2021-11-18,3025.12841796875,3064.425535995087,3004.152743208787,3059.4642841407654,2136598
2021-11-22,3010.0712890625,3060.16085491759,2994.317804519924,3027.4785951812783,3167936
2021-11-23,3015.162841796875,3029.6978990916023,2966.030765533705,2998.4083105983213,2153461
2021-11-24,2996.92919921875,3040.229877506103,2980.131104641125,3022.0826740714665,2161746
2021-11-25,2999.192138671875,3014.075472464091,2988.8784358610933,2997.4514078185894,1849619
2021-11-26,3000.018798828125,3037.574977522078,2969.5993607935234,2981.0012315223835,1941251
2021-11-29,3048.01904296875,3071.823617064497,2964.855602539076,3000.27942498904,2981745
2021-11-30,3071.649658203125,3101.7643830180255,3038.4453065214807,3038.4453065214807,5588446
2021-12-01,3113.99267578125,3124.6110887936125,3076.7410024750475,3076.7410024750475,2102118
2021-12-02,3170.654052734375,3175.0930013018956,3110.7730827907844,3123.9154729273373,3152938
2021-12-03,3168.521484375,3190.715800719207,3160.16610454034,3173.7436764559898,2486263
2021-12-06,3077.959716796875,3183.796220721799,3065.4265416572375,3168.5212674324416,1849642
2021-12-07,3119.82470703125,3131.574639670369,3067.428753612896,3100.6766686563897,1484458
2021-12-08,3156.728271484375,3173.7439580228324,3134.185891998146,3134.185891998146,1428660
2021-12-09,3134.838134765625,3163.560188891332,3103.7225761294426,3142.018648297052,1567957
2021-12-10,3165.34423828125,3169.8700948750275,3111.642747321619,3120.259277904166,1510718
2021-12-13,3141.714111328125,3187.2778211020996,3134.7947494906152,3176.8334371989795,1883864
2021-12-14,3154.030029296875,3163.7780788158257,3113.035735906248,3137.6671180553103,1747007
2021-12-15,3107.508544921875,3153.333188709583,3096.88991925595,3150.722093052357,1603233
2021-12-16,3117.30078125,3140.669964592238,3107.2044576794074,3117.6488424111026,2072320
2021-12-17,3119.694091796875,3178.0085695838147,3110.4245734298493,3135.4911377231397,4333992
2021-12-20,3095.802490234375,3138.5375147693103,3055.112909309398,3123.741303523864,2312310
2021-12-21,3140.5390625,3169.173995034654,3104.0706300032657,3118.2140657139958,2340989
2021-12-22,3160.078857421875,3165.344610059244,3138.754907271951,3154.203891564243,1224328
2021-12-23,3187.88671875,3194.6756101132755,3159.4258179297617,3175.0923922335455,1792861
2021-12-24,3195.02392578125,3224.7034677959027,3172.307518725703,3207.296161626964,2209923
2021-12-27,3216.95751953125,3220.3518594675843,3179.531808732032,3195.1112638122977,1534135
2021-12-28,3226.052734375,3242.110932603277,3214.9991369151708,3229.0554523377605,1456218
2021-12-29,3215.73876953125,3237.715494300175,3207.296268256941,3213.606416952969,1456923
2021-12-30,3249.7265625,3255.1663458319385,3202.94442584533,3204.1195040416433,1966475
2021-12-31,3253.72998046875,3272.5733029211456,3247.5938630274704,3257.6030632890643,1207141
2022-01-03,3322.837158203125,3333.4991332376317,3259.5180819777884,3263.8699085224853,2346158
2022-01-04,3381.15234375,3384.981866916701,3317.5721020854744,3334.4573201187422,2488606
2022-01-05,3360.437255859375,3368.314105244627,3318.180973100179,3363.9622782352676,1733031
2022-01-06,3313.87255859375,3337.8511668408105,3283.0181489761508,3317.8327634933953,1810293
2022-01-07,3353.952880859375,3363.874960866469,3304.2549343090877,3324.7956415940866,2460591
2022-01-10,3376.886474609375,3462.3127331931946,3360.480005746336,3462.3127331931946,3937092
2022-01-11,3408.26318359375,3416.18359233309,3356.128390327744,3356.128390327744,1906106
2022-01-12,3359.52294921875,3419.665276673529,3339.200046881566,3416.1838154603215,3203744
2022-01-13,3392.597412109375,3414.4436699625035,3356.9995501007843,3410.091842700252,6684507
2022-01-14,3453.7392578125,3461.442074102986,3359.6529160565647,3375.1454576544425,3348123
2022-01-17,3498.1279296875,3518.886223049101,3448.6477995073137,3475.1068144812093,3442604
2022-01-18,3473.28076171875,3517.756312713375,3464.054802123496,3511.010979870044,2389041
2022-01-19,3413.162841796875,3498.041884432763,3409.544563577846,3498.041884432763,3102539
2022-01-20,3336.34912109375,3417.82764835201,3322.791114252426,3409.1087002694794,6176776
2022-01-21,3342.408447265625,3358.1461897142185,3288.0023012626775,3319.3032369219345,3112358
2022-01-24,3288.22021484375,3356.4894006591326,3260.9735050308036,3348.075701814863,3258414
2022-01-25,3286.956298828125,3321.3961452874414,3245.3669571958144,3286.6076260352775,3330501
2022-01-27,3181.76171875,3255.131572257952,3160.7055469917223,3253.0391101339314,5718297
2022-01-28,3217.33544921875,3251.9932675177347,3178.9284407068867,3178.9284407068867,3143862
2022-01-31,3257.6171875,3276.580900802944,3244.669463616145,3268.7338470224154,2739393
2022-02-01,3313.7666015625,3320.1751129374843,3257.74736547893,3287.0431133861125,2105169
2022-02-02,3362.2001953125,3369.0010163346046,3313.7664036563433,3337.525533494624,1984212
2022-02-03,3334.648681640625,3385.1313015453898,3327.1939390990083,3357.6666174504307,1960538
2022-02-04,3326.191162109375,3334.7357731436837,3286.1712786456783,3326.5400477247117,2307366
2022-02-07,3294.89013671875,3340.9262203657618,3274.9672572822224,3305.352873326484,1919149
2022-02-08,3263.894287109375,3312.938365711903,3244.3202929778845,3305.832508802573,2946443
2022-02-09,3278.8037109375,3293.974593822682,3266.204874886914,3269.605179127238,1638721
2022-02-10,3287.348388671875,3304.3066986400545,3276.580403583315,3304.3066986400545,2112459
2022-02-11,3221.607666015625,3271.7852545985124,3217.291829305399,3271.7852545985124,3851488
2022-02-14,3255.43701171875,3307.3147491669633,3234.7295114768162,3246.9360379352192,5951745
2022-02-15,3328.7197265625,3343.7162732725105,3267.861432131778,3300.993431710489,3931683
2022-02-16,3324.621826171875,3360.3695095219214,3318.431288543338,3351.5632877458197,3256906
2022-02-17,3299.42431640625,3343.716615581994,3294.890505941162,3334.9976674318455,3134372
2022-02-18,3307.881103515625,3327.1064235629706,3276.231497285131,3286.1710113776135,3688883
2022-02-21,3242.925537109375,3337.439064154171,3230.849921464297,3321.9192936476043,7465922
2022-02-22,3126.962646484375,3198.0220549797664,3112.6636604729756,3182.4152270942186,5408531
2022-02-23,3107.25830078125,3158.787148610905,3100.152231425736,3148.411687072803,2426203
2022-02-24,2965.880859375,3037.550782181064,2956.682539532843,3028.962533260586,5039136
2022-02-25,3069.722900390625,3077.787925407628,3018.4990928502007,3023.730460428797,2549723
2022-02-28,3098.88818359375,3107.2148207758987,3013.180889703397,3042.912584919786,3288942
2022-03-02,3091.869140625,3114.3640652601866,3056.8626554299713,3097.405756821156,2761341
2022-03-03,3090.343505859375,3120.162475048833,3077.8755818754444,3106.4301334512893,1928039
2022-03-04,3072.862060546875,3104.9912513670993,3040.340346833838,3052.93918222262,2370257
2022-03-07,3038.466064453125,3093.4827107743718,2991.9506051879243,3008.037021468879,3054130
2022-03-08,3138.778076171875,3146.668767774617,3016.7564246329107,3016.7564246329107,3300992
2022-03-09,3167.2451171875,3185.903580652901,3136.2492146549575,3143.180735701617,2719654
2022-03-10,3157.087646484375,3212.060659906195,3151.8999146473657,3212.060659906195,2005441
2022-03-11,3138.080078125,3173.566366707418,3132.5873111877163,3141.654931943972,1623423
2022-03-14,3176.3125,3180.9772219494284,3121.383132034038,3121.383132034038,1765688
2022-03-15,3133.502685546875,3190.2631230599486,3126.0915796310483,3190.2631230599486,3651133
2022-03-16,3187.559814453125,3198.109825687102,3152.9892740297114,3174.1327209416286,3090475
2022-03-17,3202.2509765625,3234.7290512686336,3191.3959310793352,3223.0457484666144,3600452
2022-03-21,3162.10009765625,3238.172901371749,3151.8989734272645,3222.5224359023982,2413831
2022-03-22,3226.83837890625,3235.6009624851517,3160.61802452403,3173.6964439358535,2907611
2022-03-23,3236.822265625,3251.9933633104097,3217.2919066762506,3232.986013538086,1596195
2022-03-24,3269.47509765625,3276.7552921780193,3221.651578389917,3226.0110527855736,1879046
2022-03-25,3232.505615234375,3295.3256641850585,3201.596994017075,3278.2364447573104,1690133
2022-03-28,3232.724609375,3237.3456948196713,3192.1814973876276,3221.6515869535915,1760990
2022-03-29,3230.67529296875,3245.1922553919017,3218.163518176117,3221.433123484478,2689063
2022-03-30,3253.519287109375,3259.1429663483013,3231.4166674002768,3259.1429663483013,1583455
2022-03-31,3260.843017578125,3273.6598289695526,3243.623094734776,3260.8866548924902,2168110
2022-04-01,3277.23388671875,3280.939438835426,3250.466764590096,3267.8610196001,1387014
2022-04-04,3287.348388671875,3295.7620876915726,3258.3578888264396,3280.067982512089,1472994
2022-04-05,3326.10400390625,3344.239456565145,3288.786867502642,3288.786867502642,2314947
2022-04-06,3274.270263671875,3321.3089461528684,3253.1702389534807,3321.3089461528684,2051729
2022-04-07,3212.19091796875,3265.681745359496,3207.7007452082726,3265.681745359496,2494829
2022-04-08,3213.498291015625,3230.369536900863,3175.876123660295,3217.2911177231267,2296773
2022-04-11,3222.871337890625,3236.7782280173724,3187.734153364789,3217.2912972094496,2291660
2022-04-12,3218.250732421875,3260.0144049645387,3180.9772326058187,3211.1882999423365,4483476
2022-04-13,3192.834716796875,3234.5986001579863,3187.2546759280217,3232.113615146046,1621672
2022-04-18,3076.0888671875,3147.540612196077,3071.249807883845,3147.540612196077,3820792
2022-04-19,3027.131103515625,3107.0403799545356,2998.576552281814,3095.2261642756557,3170014
2022-04-20,3101.1552734375,3111.9230458257116,3034.1937144086005,3051.631609318995,2640370
2022-04-21,3163.80078125,3177.184450731517,3110.3972281195647,3121.383187052368,2280996
2022-04-22,3149.7626953125,3153.6425834822653,3113.9713815059195,3122.3416543216063,1581465
2022-04-25,3093.656982421875,3124.870857781857,3080.49149910498,3102.201593746609,1960694
2022-04-26,3092.000244140625,3128.270936257901,3067.4562804026878,3117.1542787359804,1943469
2022-04-27,3104.991455078125,3111.3126918404437,3057.124519775637,3091.7386978183854,1727648
2022-04-28,3125.1318359375,3142.656789558472,3084.8067109638346,3128.3578033624153,1703660
2022-04-29,3092.34912109375,3159.092707941327,3083.761085375679,3136.205470355331,2051115
2022-05-02,3088.599853515625,3093.4389119139187,3045.3103646568115,3068.9822217914025,1324161
2022-05-04,3033.9755859375,3091.259025222723,3021.376750080482,3085.199399623491,2305825
2022-05-05,3063.31494140625,3080.4041637186206,3038.8584638656703,3062.18164851879,1612262
2022-05-06,2992.865966796875,3029.398271221834,2985.803534263684,3015.8839027648073,2010812
2022-05-09,3003.7646484375,3013.2682159401834,2918.1009903888535,2962.6983211124834,2481830
2022-05-10,2998.22802734375,3020.9409278192593,2983.6237904966374,2994.08652734233,1622685
2022-05-11,2974.904541015625,3006.6850583840333,2948.8784006090195,2994.958117933374,1841769
2022-05-12,2971.984130859375,3007.7754550444442,2920.934860508519,2945.2606403315326,2807195
2022-05-13,2977.432861328125,2999.2302268913486,2948.878312440302,2994.958028386916,2187823
2022-05-16,2944.213623046875,2990.598371542724,2935.3203410164306,2977.5199530082805,1195813
2022-05-17,3009.432373046875,3022.8594686963716,2921.1964432417662,2938.2856675819935,1754076
2022-05-18,3006.990478515625,3047.271971010071,3001.977083999657,3021.1151300571946,1866781
2022-05-19,2844.07666015625,2968.8012301822614,2816.2196691596782,2961.8260731069436,4642963
2022-05-20,2871.1494140625,2889.371929206205,2851.139472106869,2885.971624824438,3065125
2022-05-23,2896.216064453125,2911.1689726105033,2848.479832187359,2881.437492653417,2293690
2022-05-24,2866.78955078125,2898.9189531249863,2855.978142487524,2890.4614049004085,1711510
2022-05-25,2780.461181640625,2890.357885421766,2768.523667729061,2890.357885421766,3548046
2022-05-26,2832.512939453125,2845.2845046149496,2791.78459666296,2800.9572278964383,2813186
2022-05-27,2862.6640625,2878.1126466259984,2834.4876314487365,2855.554057865002,3103153
2022-05-30,2962.6865234375,2972.6492762308844,2884.6530318120685,2894.001175549496,2094624
2022-05-31,2953.117919921875,2969.8392235795586,2918.5776743569736,2944.1645177224336,4840965
2022-06-01,2945.0859375,2973.8767588992687,2931.7878434977356,2973.8767588992687,1493835
2022-06-02,3004.59912109375,3012.499031140447,2937.2743749999877,2944.9109118520396,2657939
2022-06-03,3019.65283203125,3052.2620346027693,3011.796853027463,3036.5498622964137,1913622
2022-06-06,3011.57763671875,3030.932461150583,2964.3536823588743,3000.210585639355,1084210
2022-06-07,2951.66943359375,3000.956219056718,2945.7884328004134,2985.33191096936,2308256
2022-06-08,2988.05322265625,2996.655390105723,2937.4499938250347,2966.986795089598,2185707
2022-06-09,3008.1982421875,3016.888058060886,2943.243422200155,2971.244130502211,1279197
2022-06-10,2949.211669921875,2978.2658671065205,2942.277390669336,2968.6104222087392,1527582
2022-06-13,2826.06103515625,2890.4891000419943,2802.229512994808,2887.8557968837417,3030921
2022-06-14,2818.117431640625,2843.002020001427,2786.6493705312914,2800.0792606285445,2611493
2022-06-15,2814.38720703125,2838.70133453844,2809.734994390088,2825.095932347547,1404536
2022-06-16,2757.94677734375,2848.2252927417594,2750.090797397265,2843.968032652371,2032028
2022-06-17,2711.336669921875,2737.5381225214655,2654.2380502201972,2714.0578356188767,5240434
2022-06-20,2731.96484375,2755.0941146293767,2693.869800970946,2715.813999414828,1502769
2022-06-21,2819.346435546875,2841.9928891984864,2743.375584391192,2747.4134022673966,2964461
2022-06-22,2829.001953125,2853.2284323936533,2793.9351690902718,2808.769360580185,3336315
2022-06-23,2904.358154296875,2912.4335752382617,2829.0017025634374,2829.0017025634374,3692578
2022-06-24,2890.5771484375,2936.1332102856513,2876.883885414416,2930.8666036304303,2132118
2022-06-27,2909.537109375,2951.845477755388,2902.3394557167258,2940.5223579770245,2037686
2022-06-28,2912.565673828125,2922.9673098846292,2872.5835146469863,2902.7786467833243,1400046
2022-06-29,2888.294921875,2925.600053064694,2871.178449917376,2871.178449917376,2133994
2022-06-30,2867.755126953125,2906.2011833020665,2857.1340513652553,2872.0561032464257,2719603
2022-07-01,2909.888427734375,2925.600387299179,2854.5451192222854,2861.5233311117086,1502879
2022-07-04,2839.62255859375,2912.3894182241925,2830.8448812294623,2907.166743052194,2622535
2022-07-05,2823.1650390625,2872.0566699547176,2814.9578231889177,2857.134615129158,2170627
2022-07-06,2862.181640625,2868.9843417565935,2810.832219180068,2825.0959473592156,2182144
2022-07-07,2885.968505859375,2913.6619042777047,2865.955360218419,2871.1780349704322,1989921
2022-07-08,2866.306884765625,2901.022644904037,2852.745414807298,2896.6338058043334,2136916
2022-07-11,2733.19384765625,2830.80159948252,2726.34721488146,2814.2555881350117,6974600
2022-07-12,2707.65087890625,2752.855930441553,2703.7448542061684,2734.159429373983,3734815
2022-07-13,2667.31689453125,2729.8578501002676,2664.0252652907757,2724.591243315508,3863530
2022-07-14,2639.154296875,2690.419236530846,2611.21160444456,2689.539151729887,4764908
2022-07-15,2635.501708984375,2665.688442078549,2598.8900997906226,2656.579694419883,4574806
2022-07-18,2696.1396484375,2707.9767454259254,2652.8395214403786,2660.496215840236,3202795
2022-07-19,2705.6005859375,2709.736941355733,2666.7008823385627,2666.7008823385627,1865074
2022-07-20,2785.292724609375,2791.585245676255,2726.547057742832,2735.127885487383,3402251
2022-07-21,2796.293212890625,2802.1897375186727,2767.030396065092,2787.2282973371975,2420640
2022-07-22,2790.7490234375,2813.6312292430425,2766.5466903739457,2803.070211178946,2075886
2022-07-25,2787.008056640625,2804.3456812183285,2771.4746485626424,2785.4679085079583,1797504
2022-07-26,2742.25634765625,2788.9008455480016,2725.1827872039253,2785.2045320841903,2639367
2022-07-27,2806.458740234375,2811.079185829187,2737.063961878892,2741.464386254903,1389808
2022-07-28,2869.5166015625,2872.5968984818282,2817.7235231303016,2830.3528264453307,2106333
2022-07-29,2905.951904296875,2919.5053390848148,2882.2777092112715,2895.4789811618575,2430257
2022-08-01,2903.2236328125,2928.0419799310016,2878.757233650227,2928.0419799310016,1306913
2022-08-02,2897.063232421875,2915.632893070421,2879.329394508913,2895.4790367844817,1269114
2022-08-03,2939.04296875,2947.40377372174,2884.081720092872,2886.677927084893,2895824
2022-08-04,2952.640869140625,2981.6396243775794,2910.748955728847,2948.284491745122,2150567
2022-08-05,2961.529296875,2972.0462668986875,2952.6844019677515,2958.1408845663077,1106933
2022-08-08,2969.802490234375,2973.718825122396,2935.9632683191207,2961.4857307835255,1068836
2022-08-10,2952.0244140625,2979.0870214210518,2935.0827818136504,2979.0870214210518,1878359
2022-08-11,3012.090576171875,3017.547059589707,2970.330590557669,2992.2886658829434,1449248
2022-08-12,2993.65234375,3009.0097797642084,2975.7865802362476,3009.0097797642084,1472354
2022-08-16,2985.8642578125,3005.358268967292,2981.287858906045,3001.969855860818,839942
2022-08-17,2993.2568359375,3008.086137566978,2966.8542889674754,2979.175477553487,1622326
2022-08-18,2975.7861328125,2985.247042513863,2958.844503812384,2983.486873267098,1430659
2022-08-19,2979.746826171875,3011.209854758051,2966.9855977942652,2980.8469320664967,1398410
2022-08-22,2952.288818359375,2978.2953698990436,2945.996082460912,2961.4856625107705,1536532
2022-08-23,2890.7265625,2941.155248644901,2877.877238729922,2921.8374306422184,1849256
2022-08-24,2864.984130859375,2911.3205094918117,2860.4515652345717,2897.239152734898,1691923
2022-08-25,2832.288818359375,2885.0498583635745,2829.25256881732,2883.157762017432,1946930
2022-08-26,2835.809326171875,2866.4363215518924,2831.05695398552,2846.4584386730107,1457962
2022-08-29,2756.910400390625,2765.8431774886003,2711.541974175673,2750.2657154491976,2539173
2022-08-30,2826.084228515625,2839.5936161841482,2765.314544774919,2776.6675527850575,3431525
2022-09-01,2756.16162109375,2807.4706096920486,2746.7447563789606,2807.4706096920486,3546935
2022-09-02,2755.017333984375,2783.708184014529,2746.1286065456165,2783.708184014529,2052900
2022-09-05,2757.6572265625,2770.4625015188517,2739.0435216869405,2749.0764010065686,2147912
2022-09-06,2752.069580078125,2764.214794894149,2733.85186528633,2759.506254646854,1936453
2022-09-07,2771.91552734375,2782.7403998797736,2730.0233995480266,2730.0233995480266,1291534
2022-09-08,2789.560791015625,2801.7500518374727,2781.156152794095,2789.868906651418,1346113
2022-09-09,2831.80517578125,2845.75460780209,2788.5490876205113,2811.871338156078,1561185
2022-09-12,2854.0712890625,2877.701654619494,2838.273808049508,2851.3869871393563,1785928
2022-09-13,2842.1015625,2872.1123213298083,2838.2731081757606,2872.1123213298083,1972678
2022-09-14,2746.21630859375,2764.6980879442594,2740.4078782879656,2759.0656316117834,5090269
2022-09-15,2732.091064453125,2761.485807918387,2728.2626100062143,2754.6651513933716,2138023
2022-09-16,2647.9111328125,2723.2905259336594,2640.2544379154365,2707.140883675961,5322221
2022-09-19,2665.600830078125,2677.2179062249493,2629.5173540244687,2671.93739753417,2072220
2022-09-20,2675.721923828125,2710.61720102937,2666.6570072003938,2684.258703617558,1544295
2022-09-21,2641.31005859375,2676.689419220419,2638.6257573875664,2664.896370633003,2253818
2022-09-22,2646.76708984375,2666.6130461683933,2622.036834497055,2631.453699411689,2017983
2022-09-23,2624.45703125,2660.056419935131,2621.772729524154,2643.7748504500028,2652374
2022-09-26,2635.3251953125,2663.00402740158,2575.2155900500197,2604.918444793029,2925489
2022-09-27,2655.61181640625,2662.256499568145,2619.1323446991073,2648.527090847732,2227447
2022-09-28,2671.629638671875,2684.2148957050317,2622.6529999705645,2622.6529999705645,2739767
2022-09-29,2637.87841796875,2689.407429965768,2631.453755459116,2687.779187014094,2493902
2022-09-30,2644.258544921875,2657.5917422646244,2596.33797567958,2632.2014274292333,2817353
2022-10-03,2627.0087890625,2658.471817168587,2617.371904545549,2635.853683293181,1763331
2022-10-04,2720.474365234375,2726.5030327729664,2660.4966649685857,2666.6132120788957,2145875
2022-10-06,2729.979248046875,2749.3851626060255,2721.61844169452,2737.944059176487,1790816
2022-10-07,2697.371826171875,2732.663312710145,2691.387421404363,2725.9745822630443,1939879
2022-10-10,2744.589111328125,2752.0257865824783,2644.655416910888,2649.0558418974288,3064063
2022-10-11,2701.464599609375,2767.8669611577366,2687.2072674564333,2728.263141363747,4730645
2022-10-12,2728.9228515625,2736.9755412651284,2694.8636139240957,2714.973422007187,1665247
2022-10-13,2731.1669921875,2737.063516919874,2686.326718058436,2728.9227331476845,2054781
2022-10-14,2727.514892578125,2772.267293403134,2702.7405898542934,2767.866869127891,2245977
2022-10-17,2745.691650390625,2760.3829006019378,2710.132396730235,2711.191188700507,1517005
2022-10-18,2774.765380859375,2784.1626709744187,2760.515312292103,2779.4419453117853,1793722
2022-10-19,2754.603759765625,2787.3834440777728,2745.91240201647,2787.3834440777728,1194289
2022-10-20,2785.8828125,2788.265147865024,2739.7352164939557,2739.7352164939557,1587601
2022-10-21,2768.324462890625,2788.6188036276535,2759.1479775951516,2786.3247900140686,1021913
2022-10-24,2789.765380859375,2804.147932217598,2783.853595389088,2797.17735486645,260949
2022-10-25,2790.118896484375,2809.663142136303,2780.45685356415,2806.3542823473385,2069643
2022-10-27,2785.97119140625,2800.6184946542526,2765.632908701152,2788.8830306568198,2438421
2022-10-28,2791.133056640625,2804.58908417995,2775.0299417165147,2779.4417540244904,1355739
2022-10-31,2817.515869140625,2822.677776187459,2803.9717333524763,2822.677776187459,1919414
2022-11-01,2876.23681640625,2878.7957967468583,2826.603928917729,2836.354077010689,2991060
2022-11-02,2860.354736328125,2885.325640459638,2843.0163977761526,2885.325640459638,1405955
2022-11-03,2829.515869140625,2848.3102329584,2819.1481100504548,2848.3102329584,1422652
2022-11-04,2838.913330078125,2841.251720209756,2793.692247035101,2838.5604712079626,1464013
2022-11-07,2853.295654296875,2861.325239443402,2819.2365900807545,2849.148593513063,1474498
2022-11-09,2837.72216796875,2867.501904513535,2825.0160177906464,2867.501904513535,1162267
2022-11-10,2828.545654296875,2845.61945720835,2797.0895129768896,2797.0895129768896,1573092
2022-11-11,2925.869873046875,2948.502600302408,2872.1340832542387,2884.972500644262,3265394
2022-11-14,2943.12060546875,2955.0325011886807,2919.7379953518493,2932.973435040661,1342074
2022-11-15,2940.5615234375,2947.0467589345967,2904.737517701037,2930.326031678355,1400708
2022-11-16,2960.63525390625,2971.7087315184385,2930.723034354456,2946.120217692935,1748235
2022-11-17,2955.03173828125,2964.7377248805615,2927.4579127150246,2947.090476518177,1417986
2022-11-18,2950.134765625,2967.164404428522,2930.3257712012855,2955.914282904037,1164540
2022-11-21,2897.2373046875,2941.531859652826,2887.9724983225788,2931.6494426143504,1304194
2022-11-22,2924.98779296875,2928.517243290538,2872.310790000173,2894.1492638662367,1149739
2022-11-23,2919.119873046875,2938.267096023946,2903.8549588633055,2938.267096023946,1150011
2022-11-24,2982.517822265625,2993.8121065011505,2919.120199429745,2926.1349389357706,1296591
2022-11-25,2990.900146484375,3002.988685816619,2954.149832260228,2985.032521665577,1588981
2022-11-28,2995.84130859375,3015.0326931639333,2969.6351851613313,2970.0322052062625,2195437
2022-11-29,2997.6943359375,3025.6210229911208,2985.0323478503824,2985.0323478503824,1576028
2022-11-30,2991.915283203125,3013.1800935776782,2977.9739104051155,2985.0328115260754,3410702
2022-12-01,3066.78369140625,3070.6220551434076,3017.6802955719695,3022.0921088695895,2180856
2022-12-02,3034.57666015625,3060.8269424071414,3011.5029688165296,3051.2976005146584,2411749
2022-12-05,3022.8857421875,3034.577045852439,3006.2091763355406,3029.150602395043,1475065
2022-12-06,2987.105712890625,3007.046974384895,2971.7966386935204,3000.0763974160222,1166999
2022-12-07,2982.91455078125,2994.4733694927418,2959.4436237094437,2972.061449685332,1167505
2022-12-08,2956.39990234375,2982.9149402110297,2946.605591813029,2964.7381854060955,1285619
2022-12-09,2905.3994140625,2977.1796968244453,2890.928753775441,2977.1796968244453,1797896
2022-12-12,2899.840576171875,2908.2671822385046,2855.413747710101,2872.5314962917028,1527610
2022-12-13,2940.120361328125,2943.958509197416,2883.3844058485947,2891.6785277132994,1378016
2022-12-14,2969.45849609375,2979.737932256247,2947.8845622993376,2954.8553547630254,1213311
2022-12-15,2916.296630859375,2968.9294722548675,2910.869971774407,2963.6794580212227,1415694
2022-12-16,2859.074951171875,2904.7372083196706,2845.795353110489,2889.7370465513122,2703680
2022-12-19,2825.36865234375,2863.7072567112273,2818.70677293607,2847.3835518123956,2120965
2022-12-20,2862.33935546875,2866.795328503278,2791.485614361008,2822.588887777364,1529971
2022-12-21,2884.0458984375,2896.8401542703996,2858.854406799651,2866.7956690407614,1432566
2022-12-22,2876.23681640625,2906.5018913277986,2863.3544539726518,2906.5018913277986,1384101
2022-12-23,2848.5751953125,2882.54615313989,2838.56029430426,2838.56029430426,1360281
2022-12-26,2870.236572265625,2887.089780317712,2845.6629086139424,2848.574747625626,870157
2022-12-27,2876.060302734375,2888.67812840142,2851.3541550195223,2884.619175108632,835883
2022-12-28,2873.943603515625,2881.88486772493,2846.502037690796,2867.502312795073,910795
2022-12-29,2884.222412109375,2886.6489089761594,2848.2661403561187,2851.00155026507,1037927
2022-12-30,2873.58984375,2910.9138197149614,2864.325037715745,2899.487268690152,1163131
2023-01-02,2877.78076171875,2882.5456478570804,2854.618749078337,2877.383741729015,709547
2023-01-03,2921.811279296875,2929.443629089992,2863.531190519576,2869.4429764459805,1245178
2023-01-04,2924.722900390625,2935.9290769595705,2899.6197292688294,2917.708161297688,1231668
2023-01-05,2921.590576171875,2944.70843071638,2895.869579901462,2938.443570763314,1826057
2023-01-06,2833.75146484375,2913.1640936237372,2823.560134399543,2911.7963885995287,2488376
2023-01-09,2929.3994140625,2935.6201129314486,2842.221953738348,2849.148585709542,2885060
2023-01-10,2899.7958984375,2910.031389127808,2850.1190643433856,2898.5606771633866,3864655
2023-01-11,2937.1201171875,2955.473300937228,2886.3401103867363,2903.061052704587,2720512
2023-01-12,2942.105224609375,2955.914110329725,2925.516768010586,2937.3844994888523,2250391
2023-01-13,2977.57666015625,2981.5031305171833,2916.208300195114,2949.6497555026567,1742837
2023-01-16,3008.7099609375,3025.8107560710764,2976.222878557972,2993.323673691548,1843607
2023-01-17,3048.732177734375,3051.8005344403805,2996.933416683974,3005.0551874608955,1688475
2023-01-18,3059.20068359375,3076.3014811096996,3043.1827449112166,3050.176492786689,2421189
2023-01-19,3043.949462890625,3056.4929982286035,3033.030105416692,3050.1760655484736,1585044
2023-01-20,3034.925537109375,3063.3966813383663,3028.1573943638814,3036.640045144708,1529349
2023-01-23,3081.67041015625,3085.370416009231,3028.1571422247093,3057.3954283238595,1067916
2023-01-24,3100.982177734375,3115.1049457004037,3083.8362182605956,3090.784799878651,1387863
2023-01-25,3095.071533203125,3099.80923290407,3072.736663184384,3091.055812758132,874110
2023-01-27,3078.19580078125,3109.7352948944294,3052.251259362731,3091.68691825546,1785879
2023-01-30,3098.590576171875,3120.970609015345,3055.1843591556817,3086.272646280671,1953798
2023-01-31,3030.95458984375,3112.4430679566062,3024.0060077479234,3112.4430679566062,2820375
2023-02-01,3075.760498046875,3085.3711741800244,3027.6163467019546,3034.835700136713,2205161
2023-02-02,3122.73046875,3130.491359902265,3086.363161059032,3092.5897637316407,1813847
2023-02-03,3142.49365234375,3162.0761001103447,3115.9624021902155,3162.0761001103447,1804469
2023-02-06,3122.324462890625,3134.2363491995434,3101.4787169293004,3134.2363491995434,1138714
2023-02-07,3133.69482421875,3152.149246830875,3123.6327212004912,3130.4008630130397,1455647
2023-02-08,3176.60498046875,3194.4726991238244,3138.658220197554,3138.658220197554,1986946
2023-02-09,3195.329833984375,3201.4211611472138,3163.24880019667,3172.002218870959,1655427
2023-02-10,3192.352783203125,3196.684439017027,3165.8215290412045,3176.5152836770408,1187821
2023-02-13,3142.583984375,3202.6851807113194,3134.462212995343,3202.6851807113194,1087939
2023-02-14,3158.556884765625,3180.8917554026953,3153.954459659008,3162.9786498154,1579818
2023-02-15,3177.101318359375,3181.929348066534,3122.504969647513,3146.7350075745903,1429449
2023-02-16,3210.85205078125,3226.148009166878,3182.8318960368056,3183.0123357780853,1618931
2023-02-17,3159.504150390625,3193.570467173406,3149.442266805479,3182.0646250812088,1061369
2023-02-20,3147.005859375,3178.319754975871,3135.951226496393,3160.2713747659004,1296082
2023-02-21,3114.248046875,3166.498020154709,3108.607927983963,3153.0520648453344,1139541
2023-02-22,3069.623046875,3110.6379417299486,3063.7121590290617,3081.7153719826138,1218430
2023-02-23,3080.67822265625,3115.5114660865815,3075.444148059151,3087.175595807029,1441570
2023-02-24,3068.630615234375,3098.861651446193,3052.2517986673643,3088.5289980581183,977592
2023-02-27,3006.724609375,3059.200182190444,2992.421181163278,3059.200182190444,1128022
2023-02-28,2989.5791015625,3061.0054827636877,2977.892598362493,3003.70187186879,4116217
2023-03-01,3055.319580078125,3058.297606467113,2991.518608863523,2998.737959955803,1669307
2023-03-02,2997.33935546875,3041.0615092127086,2994.22605417747,3033.0300687433623,1556538
2023-03-03,3016.019775390625,3030.3232056286283,3006.0482210242776,3026.713529386069,1043190
2023-03-06,3042.82177734375,3072.691715860364,3031.2256043654165,3033.842531496865,1334132
2023-03-08,3059.561279296875,3064.614913806922,3005.8224042793245,3035.7375059029696,1844590
2023-03-09,3011.23681640625,3054.68820151513,3005.8223026074047,3054.68820151513,1648500
2023-03-10,3005.95751953125,3011.5976379632734,2968.9583426171757,2989.6236484252595,1024404
2023-03-13,2961.69384765625,3040.9714410429538,2952.7148231102783,3007.7623794090946,1901233
2023-03-14,2901.231689453125,2981.9530185255367,2896.223220337673,2959.934084802029,2670334
2023-03-15,2886.748046875,2942.2018705999863,2880.521443910695,2932.8617458363906,1780522
2023-03-16,2874.20458984375,2905.608815924938,2862.4731425382656,2894.960227384223,1901060
2023-03-17,2869.060302734375,2907.0520042465155,2837.204873167515,2843.0705957106416,6739966
2023-03-20,2836.573486328125,2860.3520931076205,2793.031772654829,2860.3520931076205,2289468
2023-03-21,2803.003662109375,2848.7110949967246,2795.197605797223,2836.5736038648693,1815297
2023-03-22,2825.293212890625,2836.753889168361,2803.003509518878,2824.616398697249,1123939
2023-03-23,2819.743408203125,2839.326076534462,2798.4012872223343,2810.944823053039,1372218
2023-03-24,2815.998291015625,2860.668028367099,2802.9132164379207,2841.6269006823486,1329577
2023-03-27,2817.622802734375,2845.1014163917093,2802.9133294148437,2829.083479625092,1524217
2023-03-28,2811.847412109375,2842.2139451414596,2806.6585026044622,2821.8643516283278,1303530
2023-03-29,2832.602783203125,2842.6197217781473,2801.1987796733742,2823.6689236329594,1740616
2023-03-31,2893.06494140625,2899.472204338833,2844.424646148771,2878.671402631456,2382581
2023-04-03,2887.740966796875,2910.256278083939,2864.052466678619,2910.256278083939,1521830
2023-04-05,2923.6572265625,2945.8116578814243,2874.655829017467,2874.655829017467,2655065
2023-04-06,2906.420654296875,2939.4944408464216,2901.276910369909,2910.301099826736,1703464
2023-04-10,2944.954345703125,2952.715237939487,2901.277350236996,2905.7894456494955,2203187
2023-04-11,2900.194091796875,2953.572085045166,2880.656589162442,2945.4954794330633,2348779
2023-04-12,2925.326171875,2942.742900903807,2886.8380934850798,2912.9630768697316,2417727
2023-04-13,2877.679443359375,2914.8139038841546,2869.692945619694,2896.7655205783703,4174070
2023-04-17,2833.14453125,2854.7122578378658,2770.6520137188445,2828.2715566379666,5505048
2023-04-18,2825.248046875,2848.8012689229336,2807.064393679631,2847.08654077672,2617302
2023-04-19,2788.11376953125,2833.595598009388,2771.779897861731,2825.2482224420037,3298034
2023-04-20,2801.830322265625,2809.230113386837,2777.6454510133904,2788.4744781128575,2419999
2023-04-21,2852.4111328125,2855.6597089636048,2798.2208287767953,2806.523039363576,1929184
2023-04-24,2864.999755859375,2870.5495443318514,2821.09694130206,2843.612470588807,1640676
2023-04-25,2866.082763671875,2879.7994885025946,2840.3638219953486,2872.3996967152325,2024090
2023-04-26,2886.071044921875,2895.3208390571563,2870.5946482272543,2870.5946482272543,2000029
2023-04-27,2876.86669921875,2887.0189132942296,2861.2548059548058,2874.204607146831,2434446
2023-04-28,2905.11279296875,2912.3321460304105,2884.3571529164765,2888.1021041903446,2931312
2023-05-02,2905.247314453125,2919.3251374002,2896.7646649318835,2919.3251374002,2321159
2023-05-03,2869.60205078125,2902.1794643631756,2863.510722614443,2902.1794643631756,2468285
2023-05-04,2906.420654296875,2909.804725343185,2867.8874093796485,2869.827521986016,1953253
2023-05-05,2915.445068359375,2927.44728532503,2896.8102038222487,2905.78922896011,1710027
2023-05-08,2933.403564453125,2937.2388455625774,2915.9868320573555,2928.3499294526296,928235
2023-05-09,2962.8671875,2976.177867775832,2929.2520796847634,2935.208133223178,1107375
2023-05-10,2966.07080078125,2983.8484109430083,2947.3456066100516,2968.9584975056696,1559987
2023-05-11,2961.874267578125,2986.7359537053417,2952.714803365684,2986.1043045039883,1719623
2023-05-12,2954.79052734375,2968.9584613481547,2941.8858917917887,2959.1671272317485,1027479
2023-05-15,2937.4189453125,2970.7632825646147,2931.372782209103,2963.5439307236315,1150390
2023-05-16,2940.216064453125,2964.4461001565937,2933.267482954537,2938.4563916534416,986306
2023-05-17,2895.592041015625,2959.9345651071476,2886.161805748151,2938.231342296513,1588815
2023-05-18,2887.605224609375,2913.8654825847825,2883.228404788249,2911.1582258666713,1369364
2023-05-19,2908.36083984375,2918.873931901369,2890.492901561237,2896.7646688524947,1152449
2023-05-22,2976.80908203125,2985.6076660126437,2903.1266694318583,2914.8129497334676,1333243
2023-05-23,2975.32080078125,3003.205461561012,2969.049032388337,2983.397407291097,1687418
2023-05-24,2981.005615234375,2993.5039850346407,2956.324369747154,2956.324369747154,1016555
2023-05-25,2972.1171875,2983.3974258008197,2948.2934123355303,2972.568397032033,1374917
2023-05-26,3004.0625,3012.861085188572,2969.860908265637,2972.1169557498865,1791115
2023-05-29,2996.346923828125,3042.9567756365113,2988.8116372799896,3032.84972720672,1210372
2023-05-30,2992.60205078125,3002.3030557024185,2979.2012598943925,2991.5191919697595,1344224
2023-05-31,2968.507568359375,3002.979933206516,2946.5335755997253,2986.104740447233,5815424
2023-06-01,2999.640625,3014.0793283694343,2975.7265225443743,2990.6164353941035,1177314
2023-06-02,2983.0361328125,3010.379250409834,2975.681286269555,3001.670995775546,2030661
2023-06-05,2967.9658203125,3002.3480730267693,2964.491639283323,2991.5190448102617,1861468
2023-06-06,2916.88916015625,2967.921001860694,2906.3309012594705,2959.934505084444,2022849
2023-06-07,2955.33154296875,2958.896273847872,2924.739630639355,2935.5686573495286,1567196
2023-06-08,2920.633544921875,2950.9097424591514,2917.52024384417,2942.7879725257776,1759366
2023-06-09,2896.133056640625,2932.8614622739865,2892.568546003746,2928.349367716642,1775689
2023-06-12,2930.06396484375,2936.832106886092,2897.667213061257,2901.2768888171727,2324605
2023-06-13,2927.1767578125,2946.3983284905876,2922.9354321534497,2941.886233041138,1371928
2023-06-14,2933.8095703125,2938.141225924814,2911.0686537442966,2927.176702001411,1658544
2023-06-15,2924.0361328125,2952.3554558246337,2918.3085669348598,2950.4009142583286,2273810
2023-06-16,2886.39794921875,2908.6716434866084,2869.2154738515223,2906.489819361,4156189
2023-06-19,2918.67236328125,2922.763450383881,2886.4892335228265,2900.126190531596,1468186
2023-06-20,2934.399658203125,2938.7635277863233,2910.1714258668903,2921.944618191877,1528452
2023-06-21,2962.128173828125,2965.0373462739954,2930.990462369648,2954.6733500744476,1645987
2023-06-22,2944.21875,2970.7198119240816,2936.5821435529915,2963.7650532654006,1529603
2023-06-23,2924.08154296875,2954.1281240159633,2917.535626765662,2943.1277797551047,1119505
2023-06-26,2899.807861328125,2921.8542748186887,2884.670928064297,2913.7631025673095,1978803
2023-06-27,2906.808349609375,2917.990476643383,2893.1258918679814,2911.035717443629,863542
2023-06-28,2923.263427734375,2937.354949548723,2903.2170571492807,2916.490450350226,1575872
2023-06-30,3002.17578125,3009.2215416572035,2922.036027465169,2927.3998078961313,2672406
2023-07-03,2974.947509765625,3017.2220741820643,2971.720052392161,3013.130987303054,1687264
2023-07-04,3008.176025390625,3013.7670882199945,2979.4929186666623,2991.0388296361334,1656681
2023-07-05,3018.266845703125,3026.494518629424,3004.675393232276,3018.312346605493,1453008
2023-07-06,3020.94873046875,3025.9944475996026,3001.947997582472,3006.08458448995,1848238
2023-07-07,3026.72216796875,3051.8595329506525,3001.9483663386086,3001.9483663386086,1789326
2023-07-10,2974.62890625,3022.6310315390187,2968.492276589758,3022.6310315390187,1407431
2023-07-11,2975.03759765625,2995.584029096335,2964.4918204388714,2995.584029096335,1110172
2023-07-12,2963.673583984375,2990.265643534798,2954.764285186682,2982.810819949394,1515240
2023-07-13,3036.99560546875,3061.4511244735218,2975.3565198894707,2985.5842369007783,4585146
2023-07-14,3195.27490234375,3204.548209497131,3047.4049393977743,3059.223633971811,6306101
2023-07-17,3174.410888671875,3227.322238817573,3161.0922157709083,3191.0480210359347,2743228
2023-07-18,3179.09228515625,3203.775083295527,3150.136397167708,3160.1368301745892,2600090
2023-07-19,3154.72802734375,3197.275374973218,3132.545112140107,3181.9564387643286,2405370
2023-07-20,3156.779052734375,3170.9982338938335,3131.940826772371,3147.4818530276434,1715404
2023-07-21,3070.18701171875,3130.892412746542,3061.755687476042,3102.772940548675,3770223
2023-07-24,3094.2958984375,3111.3408007755556,3073.650637395516,3081.7628492870426,1680132
2023-07-25,3098.306396484375,3105.279462829651,3081.0336204622276,3096.802519593953,1272980
2023-07-26,3088.416748046875,3118.0859374639376,3085.408771798231,3099.400300884362,1066803
2023-07-27,3096.255615234375,3109.700159270894,3085.454538799316,3094.4782454445894,1701769
2023-07-28,3058.427978515625,3093.3382557772507,3036.187605930215,3085.4082996318757,2599831
2023-07-31,3118.63232421875,3123.37205037006,3063.4412963787145,3066.6315266292045,2743678
2023-08-01,3146.524169921875,3153.7705056233212,3112.7532591629024,3112.7532591629024,1956167
2023-08-02,3136.13330078125,3141.374393886134,3111.477553853232,3130.937826905583,1914899
2023-08-03,3099.035400390625,3129.3882090010948,3069.913198256954,3117.3109079687597,2026351
2023-08-04,3138.77685546875,3163.7973343932103,3100.220594527487,3100.220594527487,2248493
2023-08-07,3175.6923828125,3179.292741496562,3136.680374620139,3148.2563099923013,1853889
2023-08-08,3163.4326171875,3181.06990066204,3150.67169533121,3175.6921726071587,1634225
2023-08-09,3156.0498046875,3160.1515300654332,3121.9143791043803,3158.2373025425936,1794589
2023-08-10,3137.454833984375,3158.2367274218736,3126.4712824103544,3144.6555504345674,1096701
2023-08-11,3143.5615234375,3159.8315628472305,3111.841477925725,3133.8085791292337,1679974
2023-08-14,3144.51953125,3149.2136391229633,3109.1078793193715,3136.1792226802268,1190425
2023-08-16,3152.3125,3159.2399472355787,3131.1658720380547,3144.6560351883286,1328445
2023-08-17,3131.6669921875,3154.499972197025,3111.112748256115,3149.2132599891765,1843241
2023-08-18,3069.093017578125,3108.196040036422,3059.431087502126,3108.196040036422,2526749
2023-08-21,3100.5849609375,3107.968154886351,3073.559239908139,3076.2937232176655,1375579
2023-08-22,3082.811279296875,3109.1079867260373,3067.224855627196,3099.081546428768,1222012
2023-08-23,3097.486083984375,3100.9041882483175,3077.2053320183186,3088.143265662933,1330046
2023-08-24,3087.915283203125,3110.9761369975763,3079.1194508870794,3106.3730455778173,1152881
2023-08-25,3082.036376953125,3086.138102175971,3053.73442840892,3076.2939171345733,1158046
2023-08-28,3076.79541015625,3093.612439755008,3062.712864151854,3093.612439755008,1037485
2023-08-29,3077.342041015625,3089.556200731551,3067.178966440109,3081.8084975473785,944517
2023-08-30,3090.83203125,3106.464294438142,3083.6313141767887,3097.2581115677926,1188200
2023-08-31,3059.704833984375,3114.941268101216,3047.7185475864435,3099.9928470608975,3417652
2023-09-01,3080.122314453125,3089.0550054789314,3059.7049257080084,3068.0906309950083,1277950
2023-09-04,3115.94384765625,3129.023882322115,3071.7819850635196,3079.0283215980144,1828332
2023-09-05,3125.833740234375,3141.921529082659,3103.7753953952833,3117.311177679923,1501842
2023-09-06,3126.334716796875,3139.095639063221,3097.349371389577,3130.071933045149,1314818
2023-09-07,3149.441162109375,3153.770760697037,3119.407464834157,3127.1551675699734,1885092
2023-09-08,3137.272705078125,3158.3283161992513,3131.029101522507,3149.441245179643,1518917
2023-09-11,3172.5927734375,3177.1958644886363,3140.0980883290167,3155.5934925384777,1783604
2023-09-12,3263.87939453125,3272.173860566186,3174.7351921738095,3182.9386422827856,4476016
2023-09-13,3252.075439453125,3271.2168221792035,3231.2477030451937,3255.0377963035894,1754929
2023-09-14,3244.9658203125,3279.2834969091505,3231.794770182642,3254.0807646975677,2604721
2023-09-15,3279.830322265625,3288.079391037457,3247.153159229306,3252.0753624763356,2952897
2023-09-18,3286.985595703125,3298.971881144957,3258.820506435336,3263.195724267092,1395753
2023-09-20,3286.89453125,3304.167306178493,3263.1500568604156,3263.1500568604156,1649396
2023-09-21,3267.98095703125,3285.937352425598,3215.7522827621383,3270.9433138676945,2004073
2023-09-22,3284.70703125,3312.143104423616,3249.523477440977,3266.7962535271386,1989083
2023-09-25,3260.552001953125,3299.6096247844835,3243.689356080608,3283.6584732834535,1238778
2023-09-26,3268.345458984375,3276.7767822705646,3223.0442313478416,3251.847543695411,1726062
2023-09-27,3271.627197265625,3294.141066523065,3241.0008935775677,3272.2651988981193,1541134
2023-09-28,3223.728271484375,3283.932529557507,3215.160311935428,3281.380300372871,1755753
2023-09-29,3216.2998046875,3252.6227295109343,3195.2898104993865,3224.138524411228,2243791
2023-10-03,3202.85498046875,3221.403759691803,3172.0920416447743,3221.403759691803,1948148
2023-10-04,3224.6396484375,3233.982467007632,3169.5398507426544,3177.7433011944777,1788138
2023-10-05,3271.672607421875,3303.2558002739493,3236.8989615455466,3239.4511904452584,2990768
2023-10-06,3300.88623046875,3313.2370259636054,3258.638592157678,3273.176885530309,2075691
2023-10-09,3316.336181640625,3353.3883449301275,3309.636607893801,3322.443150428711,4233074
2023-10-10,3307.72216796875,3325.13180122624,3282.610673537835,3317.885464751515,1848148
2023-10-11,3290.40380859375,3326.954825968897,3285.937574689828,3326.954825968897,2426417
2023-10-12,3229.0146484375,3271.0344082830998,3224.9585427168286,3258.592598284596,4241281
2023-10-13,3254.81005859375,3260.4156604701616,3213.0179488837907,3217.575421151711,2890357
2023-10-16,3212.15234375,3258.273833459736,3207.6404903319494,3250.389494786418,1671104
2023-10-17,3196.656494140625,3221.3578589700005,3193.2840093522973,3217.5752462064243,1672065
2023-10-18,3178.608642578125,3210.921072479593,3175.64628596808,3200.256633189991,1408245
2023-10-19,3157.95556640625,3177.3294256477784,3154.5286181595566,3170.612517840815,1514545
2023-10-20,3193.5048828125,3198.0284103099434,3147.3553086674356,3153.158141056141,1481211
2023-10-23,3116.37548828125,3179.2486146541296,3108.288023694424,3173.811234327899,1106272
2023-10-25,3098.05322265625,3129.946603916937,3086.2643847938266,3098.418674622007,1518537
2023-10-26,3049.29833984375,3083.0651562866083,3043.129833424646,3077.9019771940552,1984471
2023-10-27,3062.275146484375,3072.3732650438515,3049.5269439177077,3061.4070309033023,1108851
2023-10-30,3087.49755859375,3091.42717042924,3046.5569067215974,3061.407015378283,910972
2023-10-31,3078.542236328125,3106.1862890625,3061.4532301686027,3106.1862890625,999811
2023-11-01,3043.72412109375,3081.14657643751,3025.767000563393,3065.9765288100825,1563475
2023-11-02,3070.63720703125,3085.121641576822,3055.1929592139313,3055.1929592139313,1245384
2023-11-03,3062.22998046875,3096.042542043059,3056.198684431494,3090.6508984949387,1402598
2023-11-06,3089.051513671875,3100.063486624272,3069.6321379850096,3084.2537855610026,1099852
2023-11-07,3080.09521484375,3110.892010478965,3076.028614387032,3086.9948483064154,1191144
2023-11-08,3090.239501953125,3108.8820129756928,3079.273266502525,3081.009497872084,992899
2023-11-09,3059.0771484375,3099.3324172908847,3054.14243153224,3098.0531123476367,2112352
2023-11-10,3046.283203125,3059.0771449775716,3036.139568807074,3050.441278848814,1338557
2023-11-13,3044.546630859375,3066.890289328859,3040.388555601047,3066.890289328859,1030990
2023-11-15,3111.02978515625,3118.9802615645867,3066.9363782941077,3091.6561463483945,2059802
2023-11-16,3196.520751953125,3225.307120972767,3120.076815913559,3134.5614749653105,3951984
2023-11-17,3200.723876953125,3220.874376961997,3191.6768229615204,3196.520287698974,2021292
2023-11-20,3216.39697265625,3229.4648915192706,3190.489151953326,3190.489151953326,1475621
2023-11-21,3207.806396484375,3234.1711418231757,3199.398994448308,3216.396747586853,1807236
2023-11-22,3226.038330078125,3228.3229627561427,3181.2140154223466,3198.485749224696,1798051
2023-11-23,3206.024169921875,3238.6944083811372,3198.484884123584,3225.900468844643,2729804
2023-11-24,3159.281005859375,3202.6432821116277,3155.5341196594813,3193.230552452981,1989733
2023-11-28,3171.20703125,3181.3508892174286,3137.2574801245046,3159.2814275884725,1689195
2023-11-29,3211.05078125,3214.934656261117,3176.37010665481,3181.122097340804,1441634
2023-11-30,3187.153564453125,3213.7008135539186,3181.1220458782195,3197.982587796699,3266235
2023-12-01,3209.1318359375,3213.975301516175,3189.3927447706055,3198.4855376057844,1172141
2023-12-04,3209.86279296875,3242.167584431117,3196.657662284584,3239.2888137345485,1625213
2023-12-05,3227.36328125,3233.21185109275,3201.0442707403495,3233.21185109275,1377656
2023-12-06,3293.617431640625,3301.613644771774,3221.468564387526,3228.276947197519,1896572
2023-12-07,3303.4873046875,3317.789238800285,3282.285958526859,3294.440248726415,1967653
2023-12-08,3314.270263671875,3330.993816342727,3291.7438789584367,3320.027581556413,1641155
2023-12-11,3329.074951171875,3338.304955567598,3303.5785421234236,3310.797891464415,1102503
2023-12-12,3355.759521484375,3379.7936756866497,3318.2000758331174,3325.4651621953826,2236866
2023-12-13,3283.976318359375,3335.5632728478577,3256.058066070388,3329.6689659326335,3850968
2023-12-14,3351.326904296875,3361.150822552023,3315.0927276038888,3317.285885226711,3290396
2023-12-15,3528.38671875,3560.325839064894,3350.8250218482563,3350.8250218482563,8531230
2023-12-18,3526.740966796875,3590.5279420252045,3500.193496184867,3525.73586250062,2521612
2023-12-19,3487.4453125,3522.9943233611416,3463.502411689987,3513.7643200390503,2004435
2023-12-20,3454.41015625,3562.930202481097,3442.0731404679386,3497.5439742144413,2586083
2023-12-21,3461.218017578125,3478.763949441548,3420.871499435154,3432.660113142662,1517562
2023-12-22,3494.573486328125,3514.6325128426206,3437.9146065811733,3472.6410167486597,2413058
2023-12-26,3468.574462890625,3503.71206271633,3463.6395233033168,3490.78113326196,1285231
2023-12-27,3482.876220703125,3489.2731911736523,3443.3978189924524,3471.727259647645,1293976
2023-12-28,3472.549560546875,3507.367445431527,3465.421686382815,3494.5735047759663,1682889
2023-12-29,3466.609619140625,3493.2943032121766,3441.0217370731516,3465.3303142807017,1574996
2024-01-01,3482.784912109375,3501.884348671573,3447.9670270192705,3463.5025264784085,825907
2024-01-02,3457.28857421875,3482.785206409597,3442.7126637044803,3482.785206409597,1344068
2024-01-03,3373.716796875,3446.9165110740164,3369.421732416939,3442.4842348014154,1803075
2024-01-04,3350.916015625,3398.6190946223346,3336.477094505551,3382.8551313574153,3598144
2024-01-05,3415.89111328125,3424.8926547692495,3358.2728588729105,3358.409847582414,1963127
2024-01-08,3361.42578125,3417.582007600132,3356.033914289052,3415.8912901825765,1067805
2024-01-09,3372.02587890625,3429.09617357813,3365.4919196193155,3390.3486750012953,1370944
2024-01-10,3393.181396484375,3407.9857681511967,3370.289337786851,3372.1170435014856,1292227
2024-01-11,3413.74365234375,3447.9674029085904,3387.6531043154373,3403.188605468219,1777909
2024-01-12,3548.308349609375,3568.824304124089,3492.3805925763054,3516.5062216937445,6813450
2024-01-15,3567.499267578125,3623.4270246995534,3550.318787126801,3618.8577598512566,2801505
2024-01-16,3528.660400390625,3563.1126115927123,3523.405745987789,3563.1126115927123,1432672
2024-01-17,3549.953125,3573.1191625440915,3484.109977812694,3490.0042844962854,3458696
2024-01-18,3566.40234375,3572.06818699225,3529.299827526345,3562.198531252639,2239110
2024-01-19,3628.4716796875,3647.336180140823,3602.7055327268636,3630.266062846807,2941975
2024-01-23,3550.43701171875,3620.051529496022,3536.17360896319,3588.8561772055014,2618854
2024-01-24,3535.299560546875,3573.810614444089,3501.987657313185,3570.451902905774,2657709
2024-01-25,3506.312744140625,3552.967832360233,3477.2337152693226,3533.55110917134,2205154
2024-01-29,3497.75439453125,3515.2385654063073,3479.212061073679,3497.5703955598956,1646747
2024-01-30,3497.33984375,3540.8202098796714,3484.8708260966287,3503.689267668841,1411621
2024-01-31,3511.51171875,3528.121726426989,3493.5674376687984,3507.140675922528,2459358
2024-02-01,3546.663818359375,3593.3649569612444,3501.481176697016,3515.2384129880293,2363107
2024-02-02,3649.86669921875,3666.522537605696,3563.089954213246,3565.896668660393,2826510
2024-02-05,3656.30810546875,3701.1227492201515,3646.0016922235036,3665.2341894937504,1691523
2024-02-06,3806.028076171875,3818.8190381100667,3671.6760212586514,3678.1175581380526,4474396
2024-02-07,3757.6240234375,3823.511826118587,3748.927994541734,3821.671387213115,2124267
2024-02-08,3804.279052734375,3826.272206190014,3760.0624663137096,3763.697287955064,2345173
2024-02-09,3803.91162109375,3850.8886480018823,3772.9000434452996,3806.533887272955,2100596
2024-02-12,3791.948974609375,3827.7454261378275,3778.007288616118,3800.506836908833,1013716
2024-02-13,3818.450927734375,3837.3154280400877,3755.8759998910355,3796.3198278378054,1257415
2024-02-14,3772.9921875,3786.611256823303,3726.4289893837145,3779.3416123963243,1391283
2024-02-15,3775.844482421875,3815.505579737829,3757.255870513131,3798.6657441778602,1091582
2024-02-16,3798.942138671875,3817.024812052794,3772.99221729805,3785.0930143565315,1307556
2024-02-19,3776.396240234375,3798.9416158104596,3731.4897126948135,3794.1104639012988,772291
2024-02-20,3709.08251953125,3771.059390745061,3690.0800773274027,3756.427991026826,1193648
2024-02-21,3673.05615234375,3739.174013609637,3663.0258496095253,3692.840871691211,1885939
2024-02-22,3761.029052734375,3768.252640712782,3654.191483338692,3654.191483338692,2982052
2024-02-23,3728.8212890625,3800.5062936958448,3723.5758585151752,3800.5062936958448,2538072
2024-02-26,3681.843994140625,3726.8886902919344,3665.0039336444943,3714.0056182761105,1379284
2024-02-27,3776.94873046875,3794.985122078048,3679.957687485479,3679.957687485479,2960475
2024-02-28,3790.33837890625,3823.4200011181556,3762.777624498999,3768.8511632078385,1939225
2024-02-29,3768.390869140625,3807.9603066412583,3740.278119193048,3771.979635234801,3772719
2024-03-01,3767.700439453125,3809.7083657464814,3760.7527379598155,3779.5253487627083,2043265
2024-03-04,3755.139404296875,3789.371522353806,3750.722306075315,3777.500781504877,1749271
2024-03-05,3692.012451171875,3739.7717495452293,3662.473317714078,3737.9313106921068,2070859
2024-03-06,3740.04833984375,3747.1339854041835,3642.6430111880313,3675.402916839171,1744204
2024-03-07,3780.8134765625,3794.984765306861,3715.5697869974592,3740.6918212833148,2688905
2024-03-11,3793.46728515625,3821.6719254900136,3762.7778722197604,3762.7778722197604,2304068
2024-03-12,3857.790283203125,3892.482738841845,3792.270473640545,3793.4670286122573,4039801
2024-03-13,3817.990478515625,3902.6506674824695,3802.2546361359555,3869.522767451965,2837260
2024-03-14,3871.915771484375,3887.9275013882175,3760.0169871413627,3822.0859739649068,2919608
2024-03-15,3882.63623046875,3900.8105660856863,3843.75695554138,3858.1124699951356,3373143
2024-03-18,3821.21142578125,3915.303868475081,3789.3259103717037,3878.9551986813763,1526904
2024-03-19,3659.98876953125,3734.2504323086932,3650.1424666014186,3728.0389511805306,8931209
2024-03-20,3654.099365234375,3697.441791681991,3644.2530619412323,3667.994768950826,1817913
2024-03-21,3655.98583984375,3688.6075746001366,3633.0264093675964,3671.721682393882,3829582
2024-03-22,3598.886474609375,3623.8245137694216,3547.4462926818487,3586.095512991223,5852485
2024-03-26,3568.151123046875,3631.8302677248153,3562.5837501208753,3565.850574289269,3440925
2024-03-27,3534.470947265625,3584.2549115114957,3523.8884231366437,3578.2734848298974,1968575
2024-03-28,3567.047119140625,3602.6595711179307,3534.103214017475,3542.9374116432614,4311783
2024-04-01,3604.269775390625,3619.499453254275,3577.8595203158884,3586.7395487458493,1569676
2024-04-02,3573.948486328125,3597.9202488822098,3564.0100709420926,3579.653802211397,2142666
2024-04-03,3632.382080078125,3663.3934289044114,3543.7649069859053,3543.7649069859053,3973090
2024-04-04,3683.91455078125,3707.241978924869,3621.2935725878497,3658.7004031789797,3394637
2024-04-05,3661.783203125,3682.7181953650183,3644.529088641468,3660.632928826098,1636819
2024-04-08,3655.617919921875,3710.9229755652163,3644.0691205793664,3665.2341685019233,2302538
2024-04-09,3631.6923828125,3695.4636403269888,3611.9076631803105,3666.1545588206272,1876992
2024-04-10,3666.75244140625,3671.859704425388,3605.419903259126,3640.756241235992,2101965
2024-04-12,3682.166015625,3693.162817777665,3630.725838259486,3654.1914342233986,4354821
2024-04-15,3626.7685546875,3739.9555377772367,3606.3857854027738,3682.1657161126545,4200329
2024-04-16,3563.825927734375,3615.2661050786087,3554.669789147579,3590.6962907179723,3051420
2024-04-18,3553.887451171875,3621.9836892316157,3542.844817972998,3567.5067437164125,3476284
2024-04-19,3520.94384765625,3545.1917216335364,3497.6622490979976,3531.802482817412,2957749
2024-04-22,3556.2802734375,3568.6111245390066,3507.876639180684,3530.8821260588365,1728883
2024-04-23,3565.574462890625,3584.2549637317557,3552.5995026977444,3567.737068587587,1807586
2024-04-24,3525.406982421875,3587.0156333989953,3519.3334438187635,3579.653877353025,1317312
2024-04-25,3544.869384765625,3564.6080473941747,3506.9563876693583,3507.1403866301107,2856271
2024-04-26,3516.480712890625,3567.5068368634634,3499.1805421614235,3547.583950815871,2039178
2024-04-29,3561.43310546875,3568.426862829934,3514.5019156929066,3531.802085484041,1110693
2024-04-30,3515.83642578125,3572.0619252249066,3506.036178297648,3563.089785398555,2203078
2024-05-02,3555.083984375,3562.261741296734,3476.635273211625,3476.635273211625,2491044
2024-05-03,3536.771484375,3582.966682325397,3494.625611625741,3579.7917453667596,2962234
2024-05-06,3608.226318359375,3625.6183751303724,3545.605343342577,3545.605343342577,2053831
2024-05-07,3661.50732421875,3669.8353556027478,3601.2790030469796,3617.1988452844685,2062112
2024-05-08,3659.6669921875,3666.43069555621,3624.3767082288086,3644.9895357076884,1247685
2024-05-09,3644.2529296875,3654.1913444311836,3598.104015290975,3645.909369588605,1726486
2024-05-10,3583.2431640625,3656.5848490544713,3575.0993550514545,3646.462433020879,1672489
2024-05-13,3632.842529296875,3639.4680646589845,3561.2494084020914,3574.5925909400316,931326
2024-05-14,3589.960205078125,3631.0020839186186,3582.322338430397,3621.983888045264,1058317
2024-05-15,3570.81982421875,3613.656088871118,3566.3108383239633,3592.9972050666793,1115021
2024-05-16,3615.820556640625,3623.745662755798,3562.5697543936335,3606.6906515489186,2599399
2024-05-17,3553.85693359375,3633.478215188869,3550.056521472798,3632.551307480913,2765804
2024-05-21,3540.97314453125,3563.728776359017,3531.5651208470945,3550.613121462056,1908117
2024-05-22,3551.9111328125,3560.485031032363,3538.5173586903757,3554.691856559483,1311168
2024-05-23,3608.869140625,3619.574971009692,3545.8858006651926,3560.206480963538,2095742
2024-05-24,3568.13134765625,3599.9243284199265,3563.311472664004,3594.7799452001173,1309452
2024-05-27,3565.86083984375,3622.680335515065,3560.577510431646,3573.229711889253,1841538
2024-05-28,3559.233154296875,3587.1331694666214,3550.056857637509,3576.0102759178876,1801993
2024-05-29,3525.6328125,3567.57539103945,3522.2496895007944,3567.57539103945,1568095
2024-05-30,3463.020263671875,3517.058806463482,3443.8794821472993,3500.9307015339277,2919230
2024-05-31,3402.632080078125,3475.718849271696,3386.6893114728173,3466.6351077409063,10956800
2024-06-03,3432.200439453125,3477.340801445973,3425.8510308716222,3459.961281200074,2156773
2024-06-04,3443.462646484375,3471.2698818530243,3328.989527550103,3429.559028800051,3395997
2024-06-05,3472.613525390625,3507.2336206771465,3429.5587052821297,3444.389229413079,2799670
2024-06-06,3550.427734375,3559.2333589407076,3468.025717115301,3504.638577151665,4328036
2024-06-07,3609.33251953125,3628.8439736397468,3556.8232840964106,3556.8232840964106,4552445
2024-06-10,3576.658935546875,3620.4089366489284,3561.08683988795,3610.3057325626605,1734661
2024-06-11,3570.541748046875,3596.3559953752433,3560.2529805994373,3563.960611925237,1419898
2024-06-12,3551.586181640625,3608.9155195936296,3547.693214139478,3591.211490093849,2177001
2024-06-13,3594.687744140625,3605.6716931586984,3570.4491933283566,3574.8983964608374,1932323
2024-06-14,3551.95703125,3604.7443844726295,3548.2030094526167,3604.7443844726295,1860730
2024-06-18,3536.245849609375,3561.1795775806077,3517.6613039518497,3546.3954442186373,1774045
2024-06-19,3523.825439453125,3553.625661858595,3515.714995969622,3547.8786522964565,1509050
2024-06-20,3510.431640625,3531.4724028758133,3503.757949581445,3518.542084048452,2846526
2024-06-21,3532.2138671875,3594.363079879569,3520.4421834921905,3547.2761188024833,4642195
2024-06-24,3537.821533203125,3575.0831793648726,3514.185385660008,3530.359880582307,1702154
2024-06-25,3557.888916015625,3566.4164218366413,3515.668223832292,3538.0067905497995,1338808
2024-06-26,3574.017333984375,3584.3058742192884,3560.252663395376,3563.496840516408,1639845
2024-06-27,3646.594482421875,3653.8707996721914,3539.0270058477204,3550.9840267742684,4526556
2024-06-28,3618.787109375,3670.555002133022,3612.94777109011,3631.4395370159273,2731571
2024-07-01,3687.42431640625,3709.2066482395257,3600.109652784797,3600.109652784797,2658723
2024-07-02,3723.759033203125,3729.320479596894,3691.456434510148,3701.698810211173,2307449
2024-07-03,3675.4208984375,3731.8233246647856,3665.920094147989,3726.1690969595234,1821198
2024-07-04,3727.0498046875,3751.5203059355035,3691.039573096493,3707.4921862442698,2518001
2024-07-05,3718.56884765625,3732.4260743437953,3696.508396221036,3716.900368316538,1668616
2024-07-08,3701.328369140625,3736.597257975855,3687.2858057778326,3728.023360391662,1758882
2024-07-09,3694.190673828125,3714.072798924903,3684.5509241738773,3693.727219973674,1305801
2024-07-10,3623.421875,3710.6903883157474,3616.7945741280314,3692.5229032169505,2669716
2024-07-11,3636.908447265625,3689.0934067968246,3610.862471301693,3643.6749201302305,4872189
2024-07-12,3878.135986328125,3892.9665108049144,3681.0289111762886,3689.092963601374,13509164
2024-07-15,3864.4638671875,3930.088753065226,3853.2015762580986,3926.103230885339,4848030
2024-07-16,3873.037841796875,3887.9606943936283,3841.939815447988,3867.0591058147356,2029521
2024-07-18,4000.1171875,4008.8766481494176,3855.936845387648,3855.936845387648,5613364
2024-07-19,3997.18994140625,4049.5425931032996,3981.2566440139753,4011.125849383663,3903354
2024-07-22,3983.207763671875,4013.4952277518023,3962.4431700475134,3994.914017106796,1896386
2024-07-23,3997.14453125,4052.2843764255626,3963.6516196739526,3979.167115356308,2365208
2024-07-24,4000.76708984375,4031.2868203752514,3965.3235197357376,3983.347204111484,1809793
2024-07-25,4015.864501953125,4034.9102445303465,3970.991055777116,3990.3153350812427,2810342
2024-07-26,4076.57861328125,4108.724200524135,4029.3820629762513,4041.4135791114427,3552210
2024-07-29,4070.307373046875,4116.66740497875,4060.923770517291,4101.802435789028,1746803
2024-07-30,4055.6748046875,4086.0085427265517,4020.323776464771,4079.598115277588,1797906
2024-07-31,4074.25634765625,4100.87384543508,4036.7686584538783,4041.4139618583135,2330091
2024-08-01,4085.172119140625,4105.796990579302,4055.395457172885,4087.3087768878186,2202244
2024-08-02,3979.213623046875,4086.00934198967,3967.089561231444,4055.35033601294,2811282
2024-08-05,3860.29345703125,3938.2882837877764,3818.90398455052,3938.2882837877764,2787771
2024-08-06,3875.297607421875,3956.172148090316,3865.6350146384816,3875.0653422807904,2203067
2024-08-07,3902.472900390625,3943.8160983795406,3883.7519658026845,3928.06833926144,1237666
2024-08-08,3876.551513671875,3931.7843462117903,3864.891984934085,3884.4022569734157,2441283
2024-08-09,3928.764892578125,3951.898410084894,3907.210505857532,3917.848430860645,1302536
2024-08-12,3898.01318359375,3938.288053067427,3889.3731010986708,3929.926507307199,936912
2024-08-13,3899.22119140625,3933.642706280625,3886.2606141643496,3914.1324330562766,1495593
2024-08-14,3990.547607421875,4000.721002615426,3891.0451248057766,3910.416129361195,3226545
2024-08-16,4102.7783203125,4112.951716428554,4018.2805218840263,4041.4140425715414,3457058
2024-08-19,4171.48193359375,4175.430440991918,4078.901139092339,4107.376754658791,2055210
2024-08-20,4202.41943359375,4241.161440255413,4180.772504085293,4185.417806867609,2212298
2024-08-21,4228.619140625,4236.516155388334,4173.8508391327405,4197.495611851862,1896990
2024-08-22,4182.630859375,4237.39916370202,4178.171549911448,4236.516374666815,1829872
2024-08-23,4147.2333984375,4186.346939264392,4138.964850071652,4180.772575829952,1809253
2024-08-26,4183.04931640625,4229.223358650871,4166.837026562577,4170.553269172667,1844164
2024-08-27,4178.125,4190.06352004845,4168.509131570201,4185.4182168111465,930697
2024-08-28,4186.3935546875,4238.83920976465,4141.101848062617,4179.611593409034,1848058
2024-08-29,4191.73583984375,4232.800503800473,4143.610677557092,4143.610677557092,2133641
2024-08-30,4230.7099609375,4266.478796182319,4169.438229236293,4180.77295069311,3637222
2024-09-02,4200.3291015625,4262.5298880777955,4191.921284875112,4251.3811612563195,1216500
2024-09-03,4192.24658203125,4232.706988670382,4176.9633540945715,4200.329136859027,1717263
2024-09-04,4161.49462890625,4168.694848446134,4121.9632824379705,4159.357971016076,1265505
2024-09-05,4158.4287109375,4179.843374955519,4138.1749189531665,4163.120285213532,1688793
2024-09-06,4140.5908203125,4198.378570967705,4125.029055295338,4156.570844055927,1649179
2024-09-09,4133.90185546875,4171.714807408975,4116.203430594168,4138.965417739988,1184938
2024-09-10,4188.06640625,4217.8893457264885,4125.4478052150735,4127.305926632389,1385591
2024-09-11,4161.587890625,4226.622135770557,4154.062408672436,4200.701434505407,1325919
2024-09-12,4197.216796875,4211.05970757852,4116.945606864631,4190.295114701829,2742216
2024-09-13,4201.76953125,4224.43851900476,4185.417974074432,4208.644488913913,1458786
2024-09-16,4193.0830078125,4223.556015887551,4175.616848928026,4205.857591838961,1155120
2024-09-17,4186.02197265625,4214.033060161901,4149.184809090063,4193.0829242332575,1699364
2024-09-18,4037.83642578125,4178.031572295144,4014.4706436360752,4178.031572295144,2961779
2024-09-19,3991.383544921875,4108.4919039466795,3978.0514347871863,4078.622243199174,2927551
2024-09-20,3980.93115234375,4023.4823944313507,3927.6031716231882,4010.6610876463974,5447908
2024-09-23,3965.694580078125,4003.693062226499,3951.2941429242746,3994.959984616595,1702319
2024-09-24,3968.295654296875,3986.5983263222847,3939.2162441404075,3950.039707478886,3012026
2024-09-25,3971.501708984375,3985.29834930729,3939.2168538730334,3950.69084274909,2713073
2024-09-26,3987.99267578125,4010.5686671887433,3957.798205900553,3957.798205900553,3964251
2024-09-27,4003.043701171875,4067.4274211040574,3995.0069638417276,4027.4778141813813,3012477
2024-09-30,3965.694580078125,3993.7986590396717,3957.8438377210014,3982.789201841877,2503416
2024-10-01,3983.71923828125,3991.012455419667,3941.958232489669,3953.664034258638,1823365
2024-10-03,3932.48095703125,3975.450006529258,3911.3448299808783,3960.2135045709642,3350119
2024-10-04,3950.597900390625,3993.1024224537377,3924.398210251953,3925.280999271066,2965463
2024-10-07,3969.737060546875,3992.406050657443,3929.369192103598,3970.712392814344,1472619
2024-10-08,3951.52685546875,3975.821698560318,3905.7243509858204,3969.5042681636573,1541867
2024-10-09,3951.248291015625,3990.315106115447,3945.441662514293,3957.7979865079874,1082504
2024-10-10,3927.51025390625,3989.2465053830083,3900.7534930523875,3951.526558479922,2378875
2024-10-11,3854.858642578125,3941.0290181370206,3820.7156635830906,3849.098285072824,5759183
2024-10-14,3843.1982421875,3869.9087330608727,3829.7735893951135,3846.3106857656626,2137590
2024-10-15,3824.756591796875,3874.1365268299264,3804.5032516700458,3837.995705676313,2759474
2024-10-16,3804.456787109375,3823.0844981328532,3778.675354588552,3795.212679191423,2359151
2024-10-17,3817.510009765625,3836.974010815032,3802.5985417542856,3821.0402585925135,2522659
2024-10-18,3839.908203125,3861.4219511234783,3799.814751434331,3809.128022883925,2361000
2024-10-21,3799.6748046875,3855.647652061206,3790.5011421772856,3848.8023072058913,1595450
2024-10-22,3739.743896484375,3808.941544128123,3731.222344636917,3786.7759141091938,1928049
2024-10-23,3787.00927734375,3831.0608725895195,3720.7918215935465,3724.9364095884875,1966476
2024-10-24,3769.9189453125,3798.8833095961822,3729.033775833075,3729.033775833075,2676744
2024-10-25,3778.906494140625,3810.990668738502,3755.762923689694,3778.440830569176,1759676
2024-10-28,3809.919677734375,3850.106352412569,3772.8062006829505,3789.5234771784344,1532534
2024-10-29,3795.390869140625,3821.7008604425628,3781.281354135695,3814.5762988806255,1445885
2024-10-30,3804.145263671875,3824.960515939356,3781.2347527404995,3795.158047833668,1935002
2024-10-31,3695.92529296875,3798.231674391787,3688.0556237919313,3790.5016133417075,3740372
2024-11-01,3710.593505859375,3724.3305810268316,3703.003280699814,3715.855640568731,154895
2024-11-04,3691.920166015625,3717.764492575113,3644.5157084293937,3693.922655669424,2269192
2024-11-05,3698.626220703125,3712.2700726947464,3670.453574014962,3670.453574014962,967590
2024-11-06,3855.368408203125,3864.8212879793314,3702.258313204772,3728.661529286281,3792017
2024-11-07,3865.845947265625,3916.975719116069,3804.518188145807,3883.3551713111415,3724349
2024-11-08,3862.2138671875,3883.4015608162717,3834.8793231384825,3869.664484727288,1648039
2024-11-11,3910.363525390625,3943.518408459811,3834.879186284666,3844.704960664376,1406487
2024-11-12,3909.152099609375,3928.3375279408815,3878.3719222634713,3926.4748738261633,1587640
2024-11-13,3865.33349609375,3908.5469823117096,3847.358610327207,3891.1778229560005,1098813
2024-11-14,3861.189208984375,3874.3210129831064,3833.761896778277,3851.0378338185446,1825432
2024-11-18,3743.4697265625,3923.681541984777,3716.1817937910387,3923.681541984777,3313944
2024-11-19,3762.142333984375,3848.3830847662466,3738.4401053836123,3743.8416205226595,1776233
2024-11-21,3793.156005859375,3811.4098822098795,3747.660582048356,3767.1252292109634,2384347
2024-11-22,3953.11083984375,3962.750165645244,3775.5998152984125,3791.4323749580262,3096553
2024-11-25,4018.77001953125,4030.8772729139196,3960.189630652715,3986.080344448122,4052167
2024-11-26,4053.787353515625,4066.7327083086975,4014.0195073550117,4024.310489157352,2060669
2024-11-27,4035.02099609375,4076.7911069702654,4027.104715840101,4059.6083950341376,1558993
2024-11-28,3953.390380859375,4041.9132960200004,3942.307679137016,4022.401811054281,2558544
2024-11-29,3977.55859375,4003.496145463694,3907.5226111522825,3930.2005178866866,2017425
2024-12-02,3982.960205078125,3993.7173066183545,3939.560268502564,3976.766970418375,1670944
2024-12-03,4007.267822265625,4027.9898509787527,3972.529502098055,4018.071307960362,2010905
2024-12-04,4055.37109375,4085.686067146796,3994.5087699045835,4017.3262864453577,3302642
2024-12-05,4157.49072265625,4180.727516616581,4060.586315983135,4098.584281260393,3746747
2024-12-06,4140.21435546875,4158.375232745017,4109.713394915021,4147.199308267314,1842087
2024-12-09,4146.408203125,4162.473596939852,4112.321537472264,4126.198676219265,2066639
2024-12-10,4128.154296875,4185.198089234919,4109.108928030726,4122.193893602826,2087828
2024-12-11,4123.40478515625,4143.148648906342,4104.358962055129,4127.502533877997,1635256
2024-12-12,4149.01611328125,4177.002312539005,4122.054010099808,4125.825703197917,1914642
2024-12-13,4166.6640625,4186.221930852545,4092.6235608796533,4130.389146191078,1967048
2024-12-16,4111.99560546875,4167.6887843067,4095.045270300907,4152.787550664486,1646224
2024-12-17,4031.249267578125,4128.526563027335,4021.470333233763,4107.152424631981,3225027
2024-12-18,4049.27099609375,4062.449184824082,3995.021187516033,4015.60360927398,1575404
2024-12-19,3978.5361328125,4064.3114493548924,3969.3160855065425,3987.9426274375915,3015763
2024-12-20,3883.9130859375,4081.0752079378285,3867.335646043321,4031.71487338267,4116989
2024-12-23,3872.737060546875,3927.4061398642916,3832.317557835385,3911.6199645875045,2195338
2024-12-24,3892.482177734375,3928.338276273141,3872.737858457334,3872.737858457334,1181886
2024-12-26,3882.7958984375,3911.527430384508,3858.62777832456,3892.48160931481,1208464
2024-12-27,3878.837646484375,3893.832103292384,3862.446199068469,3877.1146004513926,858100
2024-12-30,3873.203125,3910.921874141445,3829.617196780828,3865.938955213331,1527169
2024-12-31,3813.5986328125,3855.6481919731173,3755.157851490963,3851.0379404710184,1555429
2025-01-01,3830.03662109375,3850.1065398065944,3804.8905600046846,3813.2258927424173,763161
2025-01-02,3888.9892578125,3895.741379495824,3815.6008619680624,3837.0677703855595,1720835
2025-01-03,3818.347900390625,3892.900907869697,3811.269950829448,3892.900907869697,1791953
2025-01-06,3813.784423828125,3864.6813582169702,3787.148378172113,3823.5633582481973,2085593
2025-01-07,3751.665283203125,3856.0205380436832,3736.0655531105435,3832.3649188830605,2669054
2025-01-08,3826.26416015625,3842.6556080381715,3741.839449635328,3757.811618423141,2181277
2025-01-09,3761.49072265625,3853.5988861539504,3748.8711943929684,3819.3726136468736,2392472
2025-01-10,3972.716064453125,4001.913265215599,3883.6347023386193,3911.5745203410556,7894300
2025-01-13,3996.418212890625,4026.0810749677194,3937.0924887364367,3953.4839382998034,4003771
2025-01-14,3942.3544921875,4017.6523885968354,3929.3159111555674,4006.569685669616,3441709
2025-01-15,3957.767822265625,3964.1475039910265,3918.512475086078,3928.3377943076216,1653474
2025-01-16,3917.44091796875,3999.1184848526354,3903.9835145012657,3967.4533641062476,2637705
2025-01-17,3911.75,3946.179522038897,3888.749747352948,3945.515411973339,1761466
2025-01-20,3867.647216796875,3932.1425484323627,3858.447160711793,3932.1425484323627,1287799
2025-01-21,3827.85888671875,3899.135870393051,3822.3102791739225,3884.245030505511,1971591
2025-01-22,3942.385986328125,3948.598240960883,3835.7784821299006,3841.2796202434547,2409223
2025-01-23,3931.81103515625,3975.345448560087,3926.688958070982,3953.1987172495446,1822998
2025-01-24,3938.35498046875,3962.682991900412,3892.4966488174464,3892.4966488174464,1910099
2025-01-27,3855.648681640625,3942.148791419916,3832.7908361324735,3890.599675788401,1551782
2025-01-28,3832.07958984375,3890.599779117484,3820.69802052405,3861.007745197988,2468272
2025-01-29,3888.51318359375,3896.148597963248,3845.0737102492853,3845.0737102492853,1217089
2025-01-30,3888.75,3917.061745659292,3849.3415023779007,3888.6078230102007,1531251
2025-01-31,3900.4638671875,3915.6869946237944,3874.713158208757,3898.187645857167,1492943
2025-02-01,3863.236328125,3922.752448425496,3846.9702619730892,3901.032713879516,437172
2025-02-03,3858.96826171875,3866.8880293594016,3792.623246059982,3823.1637429283855,1265713
2025-02-04,3895.389404296875,3906.5815588564824,3856.5026066809596,3873.242905885086,2547132
2025-02-05,3880.26123046875,3936.125668416328,3865.9393311963745,3936.125668416328,1693912
2025-02-06,3872.341796875,3926.1671344471406,3842.749763323274,3893.8244160755,2284536
2025-02-07,3821.7412109375,3879.218228908592,3801.444171507491,3879.218228908592,1548940
2025-02-10,3828.90185546875,3843.1762855657034,3807.46670712509,3831.7947170990724,1339511
2025-02-11,3759.28466796875,3831.794697050472,3751.1752541669844,3811.307781294286,1810908
2025-02-12,3746.575439453125,3814.4855628593755,3737.090798282343,3766.445947952812,1678002
2025-02-13,3708.636962890625,3779.1078947757164,3701.144188811121,3763.5057059907817,2277310
2025-02-14,3732.064208984375,3744.536419785488,3699.010141125482,3722.721744594235,1681975
2025-02-17,3703.278076171875,3731.257767104663,3657.467213858333,3657.7517993998813,1799806
2025-02-18,3673.59130859375,3722.152626882654,3665.3397167799785,3697.4925589213967,2149879
2025-02-19,3589.08349609375,3675.251330310773,3573.95530675462,3672.6430537431497,4366672
2025-02-20,3584.625244140625,3592.782128290818,3557.9735409942346,3567.6478288188787,2888572
2025-02-21,3590.885009765625,3620.2873962692524,3580.451904877241,3581.495307989525,1833931
2025-02-24,3486.1748046875,3569.260122487774,3480.8633130033377,3550.2433706104594,2508516
2025-02-25,3442.498046875,3469.4818051991183,3434.625748244206,3438.1824887498096,4101954
2025-02-27,3426.3740234375,3450.512388419143,3415.1346312530945,3425.5677363307773,3823856
2025-02-28,3303.7373046875,3414.470479257877,3278.840124109578,3400.196049414815,7085018
2025-03-03,3313.03271484375,3341.6762855972443,3297.0035319217445,3305.397532195103,4990439
2025-03-04,3350.022705078125,3367.996053645755,3285.7642616440216,3294.9643171966636,2797737
2025-03-05,3364.24951171875,3414.8026927498004,3339.3997995005207,3339.3997995005207,2501894
2025-03-06,3415.98828125,3423.433585251506,3353.863884772035,3373.6866911774378,2786513
2025-03-07,3425.09375,3438.1826018027277,3390.190222378938,3414.470997652364,2051315
2025-03-10,3404.654052734375,3435.4318979249574,3397.9675660982793,3420.635765390215,1004626
2025-03-11,3391.043701171875,3403.8004968476407,3355.3338893126197,3374.6352261327497,1995450
2025-03-12,3325.5048828125,3385.305592458114,3307.15224085139,3381.2746199098347,3174167
2025-03-13,3330.104736328125,3342.6718849425615,3304.5436765901054,3321.805675922365,1693004
2025-03-17,3317.442626953125,3348.504824268339,3298.1415226710474,3309.1910361154605,2690906
2025-03-18,3317.442626953125,3317.442626953125,3317.442626953125,3317.442626953125,0
2025-03-19,3316.873779296875,3364.2020435877325,3284.2939459919426,3364.2020435877325,3051244
2025-03-20,3379.51953125,3394.505309303915,3331.0056885181716,3331.0056885181716,2845192
2025-03-21,3393.69970703125,3429.8835221492395,3286.4283178007922,3295.912959410607,4161925
2025-03-24,3441.9287109375,3461.6568103088644,3382.792113898217,3414.470721860925,1834751
2025-03-25,3469.24462890625,3518.8018790902024,3450.5124625687754,3457.1517113972473,3135390
2025-03-26,3448.426025390625,3490.822326860632,3438.9888533482517,3459.7601257453803,1734499
2025-03-27,3463.0322265625,3474.2241497420814,3424.4297823215356,3428.5556939598323,2528474
2025-03-28,3420.30322265625,3472.279094066015,3406.7876112028343,3462.8419239593823,2051919
2025-04-01,3367.806396484375,3399.2953585160476,3343.3359762190476,3388.577667798288,2618493
2025-04-02,3361.309326171875,3380.4210168658315,3348.1257677061367,3361.3567956889556,1764313
2025-04-03,3227.765380859375,3321.521146037298,3221.1261324235493,3311.088041352429,4537821
2025-04-04,3129.3623046875,3224.445829064787,3125.663387385046,3189.305420015634,5317367
2025-04-07,3105.319091796875,3121.7748058386424,2898.5539074179674,2940.238860434007,6623955
2025-04-08,3123.2451171875,3176.4065815025783,3087.535532954112,3131.8762339649347,5557558
2025-04-09,3079.28369140625,3101.4776590955953,3046.5142098890965,3092.5147195117684,2990265
2025-04-11,3064.9619140625,3128.9357749466626,3040.7760781322527,3120.0203045213184,7108961
2025-04-15,3080.80126953125,3143.5895512500647,3071.696152437833,3143.5895512500647,3512160
2025-04-16,3105.081787109375,3109.1602290119804,3062.5905495252055,3080.801013758816,2384391
2025-04-17,3128.88818359375,3133.3461501914685,3052.1575291360596,3078.240292358944,2932346
2025-04-21,3150.41845703125,3181.148601343861,3114.851053170071,3120.5418377878595,2432946
2025-04-22,3143.58935546875,3162.0844056249766,3125.189244347029,3151.3669464223676,2710498
2025-04-23,3237.10791015625,3244.6006837766467,3165.3092254984945,3191.5816342442954,3543923
2025-04-24,3226.295166015625,3236.6333307710624,3213.111377762459,3225.8209340257686,2252175
2025-04-25,3270.30419921875,3298.568475558524,3229.5202431380058,3243.747204561521,2742991
2025-04-28,3266.036376953125,3279.5994609272393,3229.5205063236217,3257.9744314894683,1593296
2025-04-29,3293.541748046875,3314.8821913387555,3253.6113148639492,3276.9436254865236,1578332
2025-04-30,3275.71044921875,3329.014085869881,3192.53019311335,3293.06738873724,2809332
2025-05-02,3254.180419921875,3311.562499608635,3243.7473145242825,3293.0674491310842,1721761
2025-05-05,3276.279541015625,3323.892391856476,3268.7865357954893,3272.201099131072,1284443
2025-05-06,3281.68603515625,3294.0160693923863,3259.871359200009,3281.68603515625,1324763
2025-05-07,3267.5537109375,3281.211501134211,3244.3163408615387,3244.3163408615387,1477128
2025-05-08,3271.15771484375,3297.809648457028,3251.9987864937443,3270.304189784248,2543591
2025-05-09,3263.001220703125,3268.5970664946117,3222.976080385976,3223.8296054868374,2531757
2025-05-12,3433.8193359375,3443.3989159735165,3321.7109255991563,3324.3666713915923,2228678
2025-05-13,3333.851318359375,3436.2854413701325,3329.5832299005933,3433.819342081611,3062887
2025-05-14,3365.814697265625,3377.4808526725133,3327.7814236222675,3339.5422865093847,2119499
2025-05-15,3395.406494140625,3414.4707149223877,3332.9977424314357,3380.326007773164,3548330
2025-05-16,3377.765625,3408.685419197444,3363.349015372588,3408.685419197444,1666727
2025-05-19,3337.455322265625,3367.0473541083206,3323.1334225866804,3367.0473541083206,2537377
2025-05-20,3318.01220703125,3374.6354708973113,3313.9337648440714,3349.785756293493,2038374
2025-05-21,3344.094482421875,3354.717233116348,3318.0117219155986,3327.2117765824564,1440153
2025-05-22,3297.8095703125,3317.5376692737764,3273.4340900331863,3314.881923566922,2034383
2025-05-23,3333.471923828125,3352.820498295267,3286.9971842477944,3297.809582057325,1274331
2025-05-26,3355.002197265625,3362.3053247198645,3329.204019365113,3339.542185709067,967470
2025-05-27,3318.391357421875,3357.5629717372003,3303.5954561426133,3349.9752588067204,2467680
2025-05-28,3317.442626953125,3347.1295977218288,3312.9848922760975,3338.593421360396,1222933
2025-05-29,3317.822509765625,3350.4495836467595,3306.820233088302,3324.0822341714443,3188072
2025-05-30,3284.910888671875,3325.97943573145,3275.1418924475965,3310.1401295607543,3404365
2025-06-02,3272.01171875,3281.686006909509,3242.41968314971,3272.2013652710425,1877585
2025-06-03,3229.7099609375,3294.490106360913,3225.252225904789,3268.407343175387,2848125
2025-06-04,3235.163818359375,3248.4647891881687,3224.733764023337,3242.914755571243,2544807
2025-06-05,3225.786865234375,3262.0530702216233,3218.7057063727016,3262.0530702216233,3584683
2025-06-06,3238.322021484375,3244.7331673196672,3213.9212139850256,3225.7868448606714,2070390
2025-06-09,3274.39697265625,3285.975488762853,3244.7332451805223,3253.4410779830223,1718678
2025-06-10,3313.629638671875,3335.5426613582063,3275.6409764041855,3291.7168496023487,2419874
2025-06-11,3322.24169921875,3338.604687522634,3300.424692969312,3320.423693236899,2847013
2025-06-12,3286.166748046875,3324.9209717927824,3275.640909498604,3322.2416207116808,4060134
2025-06-13,3297.1708984375,3301.76403815699,3246.933943792306,3246.933943792306,2178493
2025-06-16,3345.58984375,3357.742355566309,3278.511454741814,3291.7166438153617,1934088
2025-06-17,3363.77099609375,3368.2683531373627,3337.743514633776,3358.6994089523137,2111940
2025-06-18,3302.625,3385.492142497093,3294.6829639474868,3367.4069330910083,2696327
2025-06-19,3276.406494140625,3302.2426434811027,3265.88065552043,3301.2857490610854,2672768
2025-06-20,3287.602294921875,3297.745469784743,3263.8712652626323,3277.3635707817734,2351248
2025-06-23,3247.31689453125,3277.3632849229502,3224.7340934862314,3267.7943410253647,3123421
2025-06-24,3244.254638671875,3293.726265410323,3236.2168192617623,3286.549557502439,3403048
2025-06-25,3296.309814453125,3301.2856185170967,3253.440899408153,3260.4262751214173,1757699
2025-06-26,3293.439208984375,3302.625255099875,3268.081507258558,3296.3098921986184,2879106
2025-06-27,3292.769287109375,3316.978527608251,3283.104560593004,3306.0700253129785,1778433
2025-06-30,3312.768310546875,3315.5432107745055,3282.1476906920225,3291.6208515129015,1468351
2025-07-01,3281.8603515625,3334.7766533592453,3266.3587105428364,3306.0698242055073,2375183
2025-07-02,3275.736572265625,3339.4655976963195,3272.57877409358,3336.8820295980254,3090585
2025-07-03,3254.206787109375,3287.2196465963534,3251.144771503511,3282.1480591402083,2531870
2025-07-04,3272.387451171875,3279.2770439923584,3243.967734776887,3261.096050751665,1109320
2025-07-07,3264.63671875,3278.416138875185,3261.4789203702617,3270.952315509477,1639174
2025-07-08,3259.37353515625,3277.363195918518,3247.125240576613,3258.2253086430815,2325242
2025-07-09,3237.939208984375,3266.837372173034,3221.8633368794976,3263.0097947012437,2034938
2025-07-10,3236.217041015625,3252.484246721499,3211.3377852301705,3234.3032521090518,3035012
2025-07-11,3125.217041015625,3191.242753149758,3120.5283520064395,3157.6556670087216,7635550
2025-07-14,3083.78369140625,3130.9586344245786,3062.062234156067,3125.217267735536,3924009
2025-07-15,3112.107666015625,3118.9014760029677,3067.8034091107847,3067.8034091107847,2590889
2025-07-16,3104.234619140625,3115.5641051149655,3092.23284636304,3098.377660261314,2540733
2025-07-17,3081.287109375,3112.779808234124,3076.390526695053,3095.5933632665156,2947640
2025-07-18,3062.756103515625,3100.105758589483,3059.9717861781455,3096.4571730230687,3432645
2025-07-21,3032.31982421875,3070.1495522628406,3026.3669918654064,3062.8523807267275,3844346
2025-07-22,3033.663818359375,3053.346723269556,3028.8631098446967,3033.663818359375,3198036
2025-07-23,3052.386962890625,3055.1712804131353,3031.7439136986445,3033.6641973444102,1922875
2025-07-24,3022.5263671875,3047.2019644087272,3014.8452328363246,3038.944885626984,2934778
2025-07-25,3010.812744140625,3031.0715957495104,3001.019344529776,3014.845292873372,2568917
2025-07-28,2956.56494140625,2993.7223853235596,2947.5394670779647,2986.0412502746217,3374473
2025-07-29,2934.193115234375,2951.475666305782,2919.9829708048537,2938.033682139132,4785312
2025-07-30,2931.88916015625,2946.6752504448114,2925.7441118523307,2938.033974050545,2880121
2025-07-31,2915.758544921875,2937.841805411508,2894.827407662822,2920.4631457840833,2968371
2025-08-01,2883.305908203125,2915.7587488570334,2880.4254827204045,2909.133629601001,2053847
2025-08-04,2951.85986328125,2956.6605722928375,2872.360309577052,2889.1627911176092,2519252
2025-08-05,2941.7783203125,2954.836342347973,2920.751308991888,2951.859809051624,1927996
2025-08-06,2911.43798828125,2944.562879940478,2905.3890481398157,2940.9142942671037,1487081
2025-08-07,2925.552001953125,2929.9687479023937,2890.890789951502,2895.7876067904904,2543076
2025-08-08,2915.374267578125,2937.8417248012156,2904.428745573524,2926.6081133944717,2762140
2025-08-11,2919.59912109375,2928.3362704951187,2900.8763567070323,2915.3743566889298,1884215
2025-08-12,2914.414306640625,2972.9829560524563,2906.253101394714,2919.791194448837,3358232
2025-08-13,2915.182373046875,2923.0554886191444,2907.8854362960733,2915.0864995163706,2148166
2025-08-14,2901.83642578125,2934.0970475783347,2898.7640190971856,2913.0700372499637,3342174
2025-08-18,2891.1787109375,2927.472114967924,2883.689558612238,2925.07176065916,2945609
2025-08-19,2895.9794921875,2904.42878644818,2891.0829099205744,2891.178783449569,2650784
2025-08-20,2975.095458984375,2979.7039520714934,2890.890836056874,2890.890836056874,4952358
2025-08-21,2978.936279296875,3005.2440729447403,2960.2135127082415,3005.2440729447403,3230726
2025-08-22,2932.273193359375,2972.3110613965996,2928.432625981039,2962.997732386061,1593791
2025-08-25,3015.421630859375,3026.3671543415535,2954.4526225152476,2964.246022642929,3448370
2025-08-26,3031.359619140625,3035.968346624635,2995.6423913563763,3004.283667485289,5522097
2025-08-28,2970.390625,3021.086158669707,2963.4776509563167,3019.645945976872,3116051
2025-08-29,2961.74951171875,2990.8418565958136,2954.548447858567,2969.7187359392783,2271789
2025-09-01,2988.537353515625,3006.2999761800884,2966.8380558481663,2966.8380558481663,1246862
2025-09-02,2987.4814453125,3029.2476168924754,2979.4163473229805,2996.6989010802117,2185229
2025-09-03,2974.039306640625,3016.669509959856,2964.9179592917676,3005.1478080455095,1799774
2025-09-04,2972.310791015625,2993.7219990840686,2967.6061901689773,2991.8017155695825,1481391
2025-09-05,2926.80029296875,2979.703965451406,2907.885546409113,2973.655259644998,2802055
2025-09-08,2898.66796875,2942.7383816988513,2895.7875434746607,2928.4323632618416,2626187
2025-09-09,2927.8564453125,2938.034042622692,2909.997947659983,2911.246178939102,2489301
2025-09-10,2986.041015625,2998.2347696750494,2931.696895660388,2934.5773210773896,2079428
2025-09-11,2999.675048828125,3013.885194748687,2986.137189714118,3013.885194748687,2263446
2025-09-12,3008.508056640625,3023.198272253378,2996.602392740264,3018.685652923867,1447167
2025-09-15,2987.865234375,3009.0844623500607,2972.5990732086116,3009.0844623500607,1732539
2025-09-16,3020.31787109375,3024.4465275211764,2985.176823514983,3003.323408916267,2573429
2025-09-17,3046.338134765625,3055.55535595913,3017.149681628776,3026.367137231914,2418271
2025-09-18,3050.08251953125,3075.334296666793,3035.392302577828,3058.0517436415034,2633138
2025-09-19,3042.881103515625,3053.730751874098,3018.685578963108,3043.6492637764163,4901694
2025-09-22,2951.2841796875,2983.0647355072842,2942.834884198412,2971.6391408137306,3634901
2025-09-23,2940.338134765625,2957.9087764692863,2930.352753876681,2947.6353061603577,3177741
2025-09-24,2914.414306640625,2935.153463147022,2912.1100600997443,2928.432470591566,1625714
2025-09-25,2839.5234375,2908.8458671854296,2833.378623371756,2901.5486952997107,4974361
2025-09-26,2783.547119140625,2837.0269692313786,2776.057966398974,2823.7769658283983,3934636
2025-09-29,2780.666748046875,2812.5434087793974,2778.6503565122343,2799.773476015783,3110035
2025-09-30,2773.273193359375,2799.101145742985,2770.1049132760872,2794.9724895498107,2253458
2025-10-01,2798.04541015625,2808.223007812976,2752.342797471782,2775.7701654990638,1952902
2025-10-03,2786.2353515625,2807.454578770542,2775.8660078142957,2807.454578770542,2899519
2025-10-06,2869.287353515625,2874.2802778676387,2780.186391562798,2786.3312046596843,2112774
2025-10-07,2855.173583984375,2884.745997894136,2837.699050349848,2875.624650921264,3062943
2025-10-08,2906.541015625,2921.711301932003,2849.70067174965,2856.421663900003,4121889
2025-10-09,2939.666259765625,2943.794916608875,2899.6283914412274,2913.0703773618156,3211304
2025-10-10,2907.597412109375,2947.635277630445,2887.0502372807746,2928.4324419455565,8817365
2025-10-13,2887.33837890625,2914.5104387736105,2878.6971026918,2906.349233459963,2866865
2025-10-14,2842.307861328125,2906.5412549765147,2837.699133735008,2900.5884226064827,3611416
2025-10-15,2862.06396484375,2871.6047262713414,2843.9459294866183,2863.220385125294,4282226
2025-10-16,2862.931396484375,2867.0754517571395,2836.332787245134,2862.160371154854,3251495
2025-10-17,2854.739501953125,2880.3746213869317,2848.1861401528254,2862.256586509825,4374683
2025-10-20,2905.81689453125,2913.333979311689,2870.4483153754104,2877.1943748710046,3133039
2025-10-21,2897.62548828125,2921.815026282457,2887.3137006926995,2921.1404673344027,310644
2025-10-23,2961.712890625,2985.613263353556,2925.958915568601,2944.1731825516827,5564758
2025-10-24,2952.07568359375,2977.9035021252716,2947.3535359078196,2968.2662739630537,2684318
2025-10-27,2972.98828125,2981.9509500743798,2949.184375870237,2955.2558763824863,1946312
2025-10-28,2946.968017578125,2978.096312781555,2929.9101701396817,2964.4114953280427,3470737
2025-10-29,2946.678955078125,2964.4113606511696,2935.596142774,2946.96788369373,2895420
2025-10-30,2925.187744140625,2952.653842834952,2922.778437237614,2938.487165302022,2241536
2025-10-31,2947.064208984375,2956.1231088421955,2915.357824198127,2924.898585437403,1868085
2025-11-03,2907.35888671875,2947.0642176101555,2900.805524854993,2936.3668007969727,2194877
2025-11-04,2881.72412109375,2919.405779977123,2868.039303195767,2910.0577150577624,2670720
2025-11-06,2901.673095703125,2914.2979594160083,2881.531381829982,2881.627848230561,2542721
2025-11-07,2883.26611328125,2895.0234851722394,2853.101540563387,2892.1323165785257,1830520
2025-11-10,2915.4541015625,2937.3305615709287,2883.4585523829414,2884.422275161144,1556656
2025-11-11,2936.46337890625,2944.847720230334,2908.5154176367123,2934.5359333014544,2806868
2025-11-12,3018.18701171875,3022.619995280987,2946.1969680097523,2948.991669923252,4460315
2025-11-13,2993.033935546875,3018.2834265472866,2989.4682081451956,3018.1871954349617,1740435
2025-11-14,2993.322998046875,3000.1655239975616,2965.6642009169345,2977.9034333434784,2210794
2025-11-17,2989.660888671875,3010.188231818854,2974.626953832486,2993.323082448971,2232853
2025-11-18,2975.10888671875,2992.3594315179676,2966.338914722159,2989.4682629851,2548350
2025-11-19,3033.51025390625,3040.5454775036865,2971.639296317787,2984.6495543039355,3151053
2025-11-20,3030.7158203125,3049.701114369028,3024.2589239449585,3033.799686533007,2700767
2025-11-21,3036.304931640625,3055.001058516103,3021.463460406849,3030.715292741771,4177037
2025-11-24,3027.24609375,3063.578397230728,3017.4161679823073,3043.4366842823783,6703764
2025-11-25,3006.044189453125,3035.534202019235,3001.996600643867,3031.1974493056246,2737920
2025-11-26,3048.15869140625,3062.71099952004,3003.923909850209,3005.658657913636,2508527
2025-11-27,3022.81298828125,3064.6384631299097,3011.6337098367826,3064.6384631299097,2836233
2025-11-28,3023.68017578125,3033.12470593688,3011.6336412163846,3026.089482694223,1616690
2025-12-01,3019.728759765625,3039.5815424570487,3008.935112061614,3024.0655121248697,1747647
2025-12-02,3021.945556640625,3029.9445029896465,3007.200550647543,3017.4161065078188,2512003
2025-12-03,3064.638427734375,3095.3810901757683,3025.125793917674,3026.089516693691,3952112
2025-12-04,3112.053466796875,3132.0989471151875,3071.769808666434,3078.13047294951,5025905
2025-12-05,3120.72705078125,3152.915532717371,3105.5001838412545,3112.824571063191,5244013
2025-12-08,3119.0888671875,3141.6398867746047,3092.2010949656524,3125.353065437683,2544725
2025-12-09,3091.911865234375,3116.390329915732,3065.794883587669,3112.824602659864,2734893
2025-12-10,3073.5048828125,3108.0062080861744,3062.807700289892,3108.0062080861744,1386849
2025-12-11,3076.106689453125,3092.0081155406747,3038.7144333046613,3088.7315521574005,1914362
2025-12-12,3103.669189453125,3106.078496384854,3070.131589906683,3081.696263178982,1146554
2025-12-15,3113.017333984375,3120.727116365754,3081.31094805451,3094.610369719165,1562190
2025-12-16,3088.828125,3103.187500999765,3075.3360054304358,3103.187500999765,1734623
2025-12-17,3101.0673828125,3119.4743477745933,3084.3949307247763,3084.3949307247763,1376350
2025-12-18,3161.781982421875,3168.5280423912595,3104.151308769499,3110.897368738883,2307422
2025-12-19,3162.938232421875,3197.5357868591873,3159.854366515901,3179.3215200364916,3902511
2025-12-22,3204.281982421875,3207.8479451634685,3171.6118722000997,3189.9226061933546,2632816
2025-12-23,3189.92236328125,3199.4631245744913,3174.0209376032617,3199.4631245744913,2365420
2025-12-24,3198.595947265625,3206.4021959958864,3176.5267894381177,3184.236571775606,1367708
2025-12-26,3161.010986328125,3199.559900795541,3153.108505919085,3192.9103071634727,1176664
2025-12-29,3133.54443359375,3168.7203129805475,3125.2563240630398,3161.0105311971397,2079473
2025-12-30,3129.01513671875,3148.9641510011397,3121.9799134409154,3132.099002526,2807593
2025-12-31,3089.887939453125,3128.2441532690227,3082.4673210816295,3122.461816571668,3362634
2026-01-01,3110.31884765625,3116.775978595714,3082.1781891606697,3098.368779137981,1255735
2026-01-02,3132.773681640625,3136.243177859361,3102.7055771191704,3116.6795578205924,1184324
2026-01-05,3099.428955078125,3129.207895137578,3075.2394189664337,3122.94369701057,2341703
2026-01-06,3137.688720703125,3144.8201752673103,3088.7315556964636,3093.550169667909,2912325
2026-01-07,3176.044921875,3180.8635358265738,3106.271250685878,3125.2565425983025,1989442
2026-01-08,3087.67138671875,3167.66037916829,3066.565951499233,3167.66037916829,4159336
2026-01-09,3091.429931640625,3112.5353660738615,3075.2393421369984,3075.2393421369984,1938673
2026-01-12,3122.07666015625,3134.0267294637697,3059.1455105674945,3086.8043094933746,2228342
2026-01-13,3149.446044921875,3161.0107182814413,3094.0319850739534,3127.2804209827063,5645341
2026-01-14,3076.68505859375,3141.7363480080267,3067.529691935444,3141.7363480080267,3539511
2026-01-15,3076.68505859375,3076.68505859375,3076.68505859375,3076.68505859375,0
2026-01-16,3146.54931640625,3161.464149941515,3111.519017760894,3159.0110444402844,4293470
2026-01-19,3104.258056640625,3159.600023336744,3092.973770842994,3128.2002715520307,3387562
2026-01-20,3044.10791015625,3100.7255406282875,3033.118044759914,3092.4832014713097,4499273
2026-01-21,3064.027099609375,3079.6287553253787,3024.188569033875,3041.8509292683366,2015150
2026-01-22,3091.305419921875,3100.7254411371077,3063.7326570458863,3090.9130188550284,2269827
2026-01-23,3103.178466796875,3134.578217290946,3092.875423666008,3130.457047950816,2068857
2026-01-27,3098.762939453125,3115.4440572399217,3071.2881572160486,3115.4440572399217,4279874
2026-01-28,3140.073486328125,3145.0776781720924,3111.1268393421374,3116.425451779539,2751234
2026-01-29,3085.41796875,3140.07335254898,3066.9708064954257,3140.07335254898,2457641
2026-01-30,3065.302490234375,3082.081828102924,3034.000959087629,3082.081828102924,3022068
2026-02-02,3110.1455078125,3138.0126916764966,3075.2131881532646,3138.0126916764966,2636272
2026-02-03,3164.800537109375,3287.1613923698505,3126.53209104895,3287.1613923698505,4366060
2026-02-04,2942.84375,3061.475843095512,2929.9893806035893,3061.475843095512,10852595
2026-02-05,2935.38623046875,2972.869637012123,2916.5464269268496,2933.9143670738968,3521545
2026-02-06,2886.422119140625,2929.0079343210614,2861.302223276454,2920.765595757455,4687389
2026-02-09,2892.8984375,2921.15826303242,2882.3991930324937,2903.5941220720847,2380318
2026-02-10,2928.61572265625,2955.109263473934,2888.2865702537815,2894.468444356794,3547763
2026-02-11,2855.21875,2941.76426862986,2849.723697569715,2924.1019081110685,3363513
2026-02-12,2698.51416015625,2825.977420921291,2688.603518515395,2815.9687988010764,10612156
2026-02-13,2641.7001953125,2662.110080925881,2536.5110796879476,2536.5110796879476,11168735
2026-02-16,2655.830322265625,2668.7826718221954,2620.898002964758,2649.3540277067937,2918730
2026-02-17,2666.427490234375,2708.228504276998,2644.6439610469733,2665.0538469624375,4209118
2026-02-18,2644.349609375,2678.7913077273606,2607.4550449905755,2678.7913077273606,2950820
2026-02-19,2627.66845703125,2697.140454434555,2616.5806115438327,2657.2039438116426,3238849
2026-02-20,2635.812744140625,2651.905259923164,2597.838718993336,2616.972941852777,2293482
2026-02-23,2626.0986328125,2653.2789947204583,2610.3005370564806,2635.616634548502,4699596
2026-02-24,2525.423095703125,2597.8388206557183,2513.255787797201,2591.460746119642,7798833
2026-02-25,2579.980224609375,2604.4130601353972,2546.3235684513456,2547.3048106742554,3621285
2026-02-26,2598.034912109375,2620.897903167908,2585.5731841435563,2600.2918170703697,3464267
2026-02-27,2587.92822265625,2638.168017666852,2576.8403768444346,2631.299321894741,5083717
2026-03-02,2564.4765625,2574.5834053591284,2531.8993684474203,2543.37985460111,3374385
2026-03-04,2539.2587890625,2585.5733762002424,2531.997452542583,2575.7609535201655,3446434
2026-03-05,2530.427490234375,2560.551578540278,2498.6350985020495,2551.229777430436,2960636
2026-03-06,2509.625244140625,2570.069622274581,2505.7002751879877,2523.7550365456814,3998643
2026-03-09,2479.991455078125,2511.9800468111703,2458.0117254929614,2482.542780637602,3653428
2026-03-10,2465.9599609375,2497.45769299971,2443.39138949283,2493.3365235176843,4323710
2026-03-11,2418.663818359375,2473.711601954393,2413.9540474182472,2461.0536733182116,2720664
2026-03-12,2396.5859375,2426.513825649523,2390.3060830242093,2413.6596961153996,2752075
2026-03-13,2365.284423828125,2400.0203033629555,2352.0376535639975,2391.287343235487,2466488
2026-03-16,2364.0087890625,2379.5124645789865,2321.7173916761253,2364.793830777467,3807907
2026-03-17,2346.8369140625,2374.6061161428333,2315.731584337639,2374.6061161428333,2993367
2026-03-18,2395.01611328125,2436.326267951688,2364.793804301608,2364.793804301608,3082388
2026-03-19,2311.806640625,2378.5311107279285,2306.115387909886,2371.6624152761565,2757060
2026-03-20,2345.7578125,2362.6351312433567,2319.8528734315287,2341.2440023374425,4206320
2026-03-23,2339.085205078125,2361.6537756859007,2303.956686393805,2320.6378037995523,3860515
2026-03-24,2353.803955078125,2389.7172776589064,2334.47353068287,2359.0045869106293,3420182
2026-03-25,2332.80517578125,2376.1762738846405,2325.3478785890734,2355.864368126978,5843778
2026-03-27,2344.97265625,2376.6668272056972,2340.262645780238,2358.8080275261386,4979411
2026-03-30,2314.652099609375,2353.0187649541185,2302.1903717438945,2330.5484146912077,6804756
2026-04-01,2363.027587890625,2425.630892660341,2352.9207445923203,2383.4374750291136,4132661
2026-04-02,2404.730224609375,2423.570027038862,2331.1370592120925,2341.24390183887,5378361
2026-04-06,2427.4951171875,2435.4432752720936,2402.2772391631793,2427.593337237373,2572417
2026-04-07,2492.1591796875,2496.182129281132,2402.0810908677395,2414.837240451596,4516550
2026-04-08,2511.195068359375,2531.899375247164,2492.453485493659,2523.755016821873,4769337
2026-04-09,2540.43603515625,2556.135910228672,2483.6222080623565,2506.092558435327,5628261
2026-04-10,2476.94970703125,2517.671257898199,2454.1849361455575,2517.671257898199,10480239
2026-04-13,2426.2197265625,2457.9136601554055,2423.6684008424363,2443.195026142192,3739587
2026-04-15,2506.9755859375,2510.9987747578325,2446.629190999006,2454.9697496490417,5261384
2026-04-16,2528.56298828125,2545.3423261167095,2510.0176060935014,2523.754997213638,3905403
2026-04-17,2533.076904296875,2540.4362212762385,2507.957006516208,2521.792618261851,2718206
2026-04-20,2531.212646484375,2545.3424392975157,2513.15764504414,2538.571963483115,2288558
2026-04-21,2561.532958984375,2564.9673069470045,2511.9802240950007,2511.9802240950007,2719959
2026-04-22,2490.88330078125,2531.6048516902206,2456.6380441545243,2531.6048516902206,5232045
2026-04-23,2474.49658203125,2511.489364373728,2469.0997500312283,2481.5614778281533,2509050
2026-04-24,2351.939453125,2458.0118361710306,2343.991534636913,2441.3307179215667,5107719
2026-04-27,2401.6884765625,2412.874541687738,2351.9393059532576,2351.9393059532576,5853425
2026-04-28,2398.8427734375,2440.349366669426,2381.867235359066,2398.155951805419,4508363
2026-04-29,2428.280029296875,2441.2323784506298,2401.688509360205,2405.024637022461,2835961
2026-04-30,2427.4951171875,2444.2744555611544,2392.26861608113,2432.4995485090735,3970446
2026-05-01,2427.4951171875,2427.4951171875,2427.4951171875,2427.4951171875,0
2026-05-04,2385.6943359375,2451.4375668418284,2379.512461835769,2447.2181772447047,2632358
2026-05-05,2381.769287109375,2414.24826083551,2366.952433771704,2384.4185931895904,3385720
2026-05-06,2389.717041015625,2424.6493574491965,2361.359238648924,2396.0951150032492,3147628
2026-05-07,2356.35498046875,2393.9366055534624,2353.018852732181,2392.4647422177254,5829594
2026-05-08,2349.486328125,2361.8500761970836,2330.548544505656,2353.0188960201936,3792199
2026-05-11,2348.014404296875,2369.699953108347,2326.5252955775945,2326.5252955775945,1975188
2026-05-12,2257.151611328125,2330.450360002076,2240.176072372522,2330.450360002076,6347884
2026-05-13,2230.16748046875,2265.8846032931383,2226.4387119283556,2262.7446759395275,3171843
2026-05-14,2203.8701171875,2222.513720137884,2165.012827845418,2222.513720137884,5633313
2026-05-15,2221.5322265625,2261.6649346543286,2209.7573207679993,2209.7573207679993,3410637
2026-05-18,2240.3720703125,2249.8900714309348,2209.953563101145,2221.5322685970373,3773336
2026-05-19,2283.448974609375,2333.0017090765828,2254.0117066090534,2256.857213357978,10394707
2026-05-20,2283.742919921875,2298.06915136111,2274.3231388707036,2280.3085723429836,2537422
2026-05-21,2283.546875,2292.0836345084317,2270.594525446405,2287.275643394801,3299087
2026-05-22,2273.832763671875,2296.106915322829,2264.805382686245,2287.373954930871,2617262
2026-05-25,2295.61328125,2313.415817804508,2280.496215777924,2312.3217190072714,3298364
2026-05-26,2263.78759765625,2315.205623652634,2260.008270887014,2295.613098349941,3587597
2026-05-27,2271.744140625,2283.0821217701528,2248.571147658945,2262.5943570616037,2653950
2026-05-28,2271.744140625,2271.744140625,2271.744140625,2271.744140625,0
2026-05-29,2246.58203125,2321.2726050840133,2222.81245602518,2278.507085795833,16331582
2026-06-01,2284.8720703125,2322.267132829976,2267.5670504720965,2271.5452382799426,7505095
2026-06-02,2433.556884765625,2443.9996279549005,2303.569644295269,2307.34897134468,11306127
2026-06-03,2229.475830078125,2379.9508308808004,2212.6680838914085,2379.9508308808004,15660062
2026-06-04,2228.77978515625,2240.8139007540485,2204.5129359355733,2229.4759194813155,4867263
2026-06-05,2186.9091796875,2259.4117976453776,2180.0469028924485,2250.560184151513,5019717
2026-06-08,2139.668212890625,2165.128711955583,2131.6125282744956,2158.1668832997775,6536734
2026-06-09,2139.2705078125,2162.145087858845,2121.169801728995,2162.145087858845,4148655
2026-06-10,2142.154541015625,2168.907999188303,2133.1043096144995,2139.568864676436,2848650
2026-06-11,2123.95458984375,2142.8509821277357,2098.494090484758,2115.4013888441136,3079815
2026-06-12,2149.61376953125,2156.177876796519,2126.3414670622496,2138.276030955957,2124656
2026-06-15,2150.21044921875,2180.046856932239,2147.525221086398,2180.046856932239,3337083
2026-06-16,2187.0087890625,2196.954258771743,2148.818282502735,2155.183285992923,3079898
2026-06-17,2210.8779296875,2218.8343055028395,2188.6994835403766,2196.9542720106556,2865010
2026-06-18,2191.285400390625,2201.927004470057,2170.101501243751,2196.9542695909468,3735188
2026-06-19,2113.412353515625,2126.341464384191,2048.6672473500757,2093.521413717831,13286502
2026-06-22,2116.197021484375,2145.237743488044,2109.434053749718,2120.5729308842238,4566101
2026-06-23,2048.368896484375,2102.4721508294924,2043.7938836114508,2099.4885101234904,6392736
2026-06-24,2097.49951171875,2109.1356624395376,2049.7612582514666,2049.7612582514666,4747277
2026-06-25,2083.27734375,2136.78401555451,2076.61392807904,2121.965363861958,4738903
2026-06-26,2083.27734375,2083.27734375,2083.27734375,2083.27734375,0
2026-06-29,2086.4599609375,2093.521341445675,2059.706744956766,2078.6031371123327,3412470
2026-06-30,2020.422119140625,2092.8251853118586,2007.791421498655,2078.60311543387,6848411
2026-07-01,1971.788818359375,2040.8104030555382,1966.0205187179013,2028.776408877907,4658295
2026-07-02,2056.82275390625,2065.5745732846704,1991.580373389582,1997.0503819057583,6040621
2026-07-03,2082.083984375,2105.0581154318793,2073.6303355251375,2088.5485393778363,4028819
2026-07-06,2046.3798828125,2081.5867473982344,2039.4180542258837,2078.6031065753987,2567386
2026-07-07,2084.669921875,2111.124724588052,2037.8266642409067,2038.8212111731864,4769048
2026-07-08,2046.2803955078125,2098.1956989000228,2037.6278854106638,2082.5813599967723,3666985
2026-07-09,2038.323974609375,2053.7394523387943,2005.006651774823,2046.280350211656,3791498
2026-07-10,2057.717529296875,2121.666943317309,2053.341620075063,2093.7200783959847,6714551
2026-07-13,2169.604248046875,2192.8765503750355,2053.8390761022306,2063.684994131224,12382622
2026-07-14,2188.60009765625,2215.850586742918,2167.1177865856457,2170.996422535663,9546290
2026-07-15,2189.199951171875,2202.89990234375,2145.39990234375,2174.10009765625,5426489
2026-07-16,2201.0,2231.39990234375,2187.800048828125,2206.0,5197595
2026-07-17,2269.0,2275.0,2215.10009765625,2224.800048828125,5615138
2026-07-20,2251.10009765625,2283.39990234375,2245.10009765625,2280.10009765625,2202693
2026-07-21,2221.10009765625,2259.89990234375,2218.5,2245.10009765625,2382160
2026-07-22,2208.300048828125,2226.800048828125,2201.0,2216.0,1599665
2026-07-23,2242.89990234375,2250.0,2193.60009765625,2204.0,2503539
2026-07-24,2254.300048828125,2264.300048828125,2205.10009765625,2205.10009765625,3211699
2026-07-27,2295.60009765625,2315.0,2272.39990234375,2286.0,4007292
2026-07-28,2398.0,2417.39990234375,2323.0,2325.0,8248513
2026-07-29,2446.60009765625,2475.5,2415.10009765625,2440.0,7169419
2026-07-30,2431.800048828125,2495.0,2423.0,2440.0,4901582
2026-07-31,2365.60009765625,2391.0,2326.10009765625,2385.0,4343683
2026-08-03,2473.699951171875,2473.699951171875,2383.0,2383.89990234375,3036839
2026-08-04,2460.0,2467.39990234375,2435.10009765625,2463.10009765625,2792792
2026-08-05,2413.0,2460.89990234375,2408.0,2460.0,3014409
2026-08-06,2373.0,2434.5,2368.5,2417.0,2729141
2026-08-07,2452.699951171875,2457.699951171875,2375.0,2375.0,4547979
2026-08-10,2425.699951171875,2472.89990234375,2423.5,2452.699951171875,2322023
2026-08-11,2445.699951171875,2456.60009765625,2428.0,2438.0,1514105
2026-08-12,2349.699951171875,2445.800048828125,2300.10009765625,2445.699951171875,7022647
2026-08-13,2375.0,2375.0,2332.300048828125,2349.699951171875,2123494
2026-08-14,2361.0,2390.0,2333.39990234375,2375.10009765625,2232160
2026-08-17,2313.199951171875,2361.10009765625,2310.60009765625,2351.0,2237636
2026-08-18,2280.0,2307.0,2280.0,2300.0,1797822
2026-08-19,2289.0,2308.199951171875,2258.300048828125,2293.60009765625,3368922
2026-08-20,2298.0,2329.0,2288.10009765625,2319.39990234375,2047848
2026-08-21,2302.0,2307.199951171875,2263.300048828125,2290.10009765625,2066749
2026-08-24,2284.10009765625,2321.60009765625,2279.5,2302.39990234375,1542723
2026-08-25,2296.199951171875,2313.5,2262.0,2305.0,3041609
2026-08-26,2270.0,2306.300048828125,2266.39990234375,2305.10009765625,1660737
2026-08-27,2248.39990234375,2283.60009765625,2243.89990234375,2270.0,1709113
2026-08-28,2342.0,2348.5,2263.300048828125,2272.0,4054069
2026-08-31,2399.300048828125,2399.300048828125,2306.199951171875,2342.0,2905846
2026-09-01,2369.0,2372.0,2325.0,2355.0,2678034
2026-09-02,2348.0,2363.0,2303.5,2347.89990234375,2533005
2026-09-03,2320.10009765625,2353.60009765625,2316.10009765625,2353.60009765625,1892786
2026-09-04,2304.0,2363.89990234375,2302.39990234375,2330.0,2564322
2026-09-07,2270.0,2299.89990234375,2260.10009765625,2290.10009765625,2297551
2026-09-08,2255.5,2274.5,2244.0,2270.0,2148114
2026-09-09,2208.0,2237.0,2193.199951171875,2237.0,3370071
2026-09-10,2204.10009765625,2232.0,2190.60009765625,2199.0,2490912
2026-09-11,2200.800048828125,2232.60009765625,2185.5,2185.5,2634124
2026-09-14,2200.800048828125,2200.800048828125,2200.800048828125,2200.800048828125,0
2026-09-15,2251.0,2323.0,2251.0,2275.5,5406210
2026-09-16,2188.800048828125,2273.89990234375,2172.0,2270.0,2763709
2026-09-17,2190.0,2263.60009765625,2162.5,2171.0,3295917
2026-09-18,2105.0,2177.300048828125,2101.199951171875,2177.199951171875,6875428
2026-09-21,2128.699951171875,2145.0,2075.300048828125,2090.0,2330811
2026-09-22,2105.0,2135.199951171875,2098.199951171875,2135.10009765625,3641623
